#usda 1.0
(defaultPrim = "World")
over "World"
{
    over "Environment"
    {
over "Floor"
{
    point3f[] points = [(0.087, 11.4103, 0), (15.5392, 11.4103, 0), (15.5392, 13.0403, 0), (0.087, 13.0403, 0), (0.087, 13.0403, -0.1), (15.5392, 13.0403, -0.1), (15.5392, 11.4103, -0.1), (0.087, 11.4103, -0.1), (15.5392, 13.1403, 0), (0.087, 13.1403, 0), (0.087, 13.1403, -0.1), (15.5392, 13.1403, -0.1), (15.6392, 11.4103, 0), (15.6392, 13.0403, 0), (15.6392, 13.0403, -0.1), (15.6392, 11.4103, -0.1), (15.6392, 13.1403, 0), (15.6392, 13.1403, -0.1), (15.6392, 13.2044, 0), (15.5392, 13.2044, 0), (15.5392, 13.2044, -0.1), (15.6392, 13.2044, -0.1), (15.6392, 13.3044, 0), (15.5392, 13.3044, 0), (15.5392, 13.3044, -0.1), (15.6392, 13.3044, -0.1), (15.6392, 14.3044, 0), (15.5392, 14.3044, 0), (15.5392, 14.3044, -0.1), (15.6392, 14.3044, -0.1), (15.6392, 16.4803, 0), (15.5392, 16.4803, 0), (15.5392, 16.4803, -0.1), (15.6392, 16.4803, -0.1), (15.6392, 16.5803, 0), (15.5392, 16.5803, 0), (15.5392, 16.5803, -0.1), (15.6392, 16.5803, -0.1), (16.0145, 11.4103, 0), (16.0145, 13.0403, 0), (16.0145, 13.0403, -0.1), (16.0145, 11.4103, -0.1), (16.0145, 13.1403, 0), (16.0145, 13.1403, -0.1), (16.0145, 13.2044, 0), (16.0145, 13.2044, -0.1), (16.0145, 13.3044, 0), (16.0145, 13.3044, -0.1), (16.0145, 14.3044, 0), (16.0145, 14.3044, -0.1), (16.0145, 16.4803, 0), (16.0145, 16.4803, -0.1), (16.0145, 16.5803, 0), (16.0145, 16.5803, -0.1), (16.0145, 0.0435, 0), (18.1392, 0.0435, 0), (18.1392, 6.1739, 0), (16.0145, 6.1739, 0), (16.0145, 6.1739, -0.1), (18.1392, 6.1739, -0.1), (18.1392, 0.0435, -0.1), (16.0145, 0.0435, -0.1), (18.1392, 11.4103, 0), (18.1392, 11.4103, -0.1), (18.1392, 13.0403, 0), (18.1392, 13.0403, -0.1), (18.1392, 13.1403, 0), (18.1392, 13.1403, -0.1), (18.1392, 13.2044, 0), (18.1392, 13.2044, -0.1), (18.1392, 13.3044, 0), (18.1392, 13.3044, -0.1), (18.1392, 14.3044, 0), (18.1392, 14.3044, -0.1), (18.1392, 16.4803, 0), (18.1392, 16.4803, -0.1), (18.1392, 16.5803, 0), (18.1392, 16.5803, -0.1), (18.2392, 0.0435, 0), (18.2392, 6.1739, 0), (18.2392, 6.1739, -0.1), (18.2392, 0.0435, -0.1), (18.2392, 11.4103, 0), (18.2392, 11.4103, -0.1), (18.2392, 13.0403, 0), (18.2392, 13.0403, -0.1), (18.2392, 13.1403, 0), (18.2392, 13.1403, -0.1), (18.2392, 13.2044, 0), (18.2392, 13.2044, -0.1), (18.2392, 13.3044, 0), (18.2392, 13.3044, -0.1), (18.2392, 14.3044, 0), (18.2392, 14.3044, -0.1), (18.2392, 16.4803, 0), (18.2392, 16.4803, -0.1), (18.2392, 16.5803, 0), (18.2392, 16.5803, -0.1), (22.7392, 0.0435, 0), (22.7392, 6.1739, 0), (22.7392, 6.1739, -0.1), (22.7392, 0.0435, -0.1), (22.7392, 11.4103, 0), (22.7392, 11.4103, -0.1), (22.7392, 13.0403, 0), (22.7392, 13.0403, -0.1), (22.7392, 13.1403, 0), (22.7392, 13.1403, -0.1), (26.0724, 0.0435, 0), (26.0724, 6.1739, 0), (26.0724, 6.1739, -0.1), (26.0724, 0.0435, -0.1), (26.0724, 11.4103, 0), (26.0724, 11.4103, -0.1), (26.0724, 13.0403, 0), (26.0724, 13.0403, -0.1), (26.0724, 13.1403, 0), (26.0724, 13.1403, -0.1), (26.0724, 13.2044, 0), (22.7392, 13.2044, 0), (22.7392, 13.2044, -0.1), (26.0724, 13.2044, -0.1), (26.0724, 13.3044, 0), (22.7392, 13.3044, 0), (22.7392, 13.3044, -0.1), (26.0724, 13.3044, -0.1), (26.0724, 14.3044, 0), (22.7392, 14.3044, 0), (22.7392, 14.3044, -0.1), (26.0724, 14.3044, -0.1), (26.0724, 16.4803, 0), (22.7392, 16.4803, 0), (22.7392, 16.4803, -0.1), (26.0724, 16.4803, -0.1), (26.0724, 16.5803, 0), (22.7392, 16.5803, 0), (22.7392, 16.5803, -0.1), (26.0724, 16.5803, -0.1), (26.0724, 16.6444, 0), (22.7392, 16.6444, 0), (22.7392, 16.6444, -0.1), (26.0724, 16.6444, -0.1), (26.0724, 16.7444, 0), (22.7392, 16.7444, 0), (22.7392, 16.7444, -0.1), (26.0724, 16.7444, -0.1), (26.0724, 20.7246, 0), (22.7392, 20.7246, 0), (22.7392, 20.7246, -0.1), (26.0724, 20.7246, -0.1), (28.2724, 0.0435, 0), (28.2724, 6.1739, 0), (28.2724, 6.1739, -0.1), (28.2724, 0.0435, -0.1), (28.2724, 11.4103, 0), (28.2724, 11.4103, -0.1), (28.2724, 13.0403, 0), (28.2724, 13.0403, -0.1), (28.2724, 13.1403, 0), (28.2724, 13.1403, -0.1), (28.2724, 13.2044, 0), (28.2724, 13.2044, -0.1), (28.2724, 13.3044, 0), (28.2724, 13.3044, -0.1), (28.3724, 0.0435, 0), (28.3724, 6.1739, 0), (28.3724, 6.1739, -0.1), (28.3724, 0.0435, -0.1), (28.3724, 11.4103, 0), (28.3724, 11.4103, -0.1), (28.3724, 13.0403, 0), (28.3724, 13.0403, -0.1), (28.3724, 13.1403, 0), (28.3724, 13.1403, -0.1), (28.3724, 13.2044, 0), (28.3724, 13.2044, -0.1), (28.3724, 13.3044, 0), (28.3724, 13.3044, -0.1), (28.3724, 14.3044, 0), (28.2724, 14.3044, 0), (28.2724, 14.3044, -0.1), (28.3724, 14.3044, -0.1), (28.3724, 16.4803, 0), (28.2724, 16.4803, 0), (28.2724, 16.4803, -0.1), (28.3724, 16.4803, -0.1), (28.3724, 16.5803, 0), (28.2724, 16.5803, 0), (28.2724, 16.5803, -0.1), (28.3724, 16.5803, -0.1), (28.3724, 16.6444, 0), (28.2724, 16.6444, 0), (28.2724, 16.6444, -0.1), (28.3724, 16.6444, -0.1), (28.3724, 16.7444, 0), (28.2724, 16.7444, 0), (28.2724, 16.7444, -0.1), (28.3724, 16.7444, -0.1), (30.7536, 0.0435, 0), (30.7536, 6.1739, 0), (30.7536, 6.1739, -0.1), (30.7536, 0.0435, -0.1), (30.7536, 11.4103, 0), (30.7536, 11.4103, -0.1), (30.7536, 13.0403, 0), (30.7536, 13.0403, -0.1), (30.7536, 13.1403, 0), (30.7536, 13.1403, -0.1), (30.7536, 13.2044, 0), (30.7536, 13.2044, -0.1), (30.7536, 13.3044, 0), (30.7536, 13.3044, -0.1), (30.7536, 14.3044, 0), (30.7536, 14.3044, -0.1), (30.7536, 16.4803, 0), (30.7536, 16.4803, -0.1), (30.7536, 16.5803, 0), (30.7536, 16.5803, -0.1), (30.7536, 16.6444, 0), (30.7536, 16.6444, -0.1), (30.7536, 16.7444, 0), (30.7536, 16.7444, -0.1), (30.8724, 6.1739, 0), (30.8724, 11.4103, 0), (30.8724, 11.4103, -0.1), (30.8724, 6.1739, -0.1), (30.8724, 13.0403, 0), (30.8724, 13.0403, -0.1), (30.8724, 13.1403, 0), (30.8724, 13.1403, -0.1), (30.8724, 13.2044, 0), (30.8724, 13.2044, -0.1), (30.8724, 13.3044, 0), (30.8724, 13.3044, -0.1), (30.8724, 14.3044, 0), (30.8724, 14.3044, -0.1), (30.8724, 16.4803, 0), (30.8724, 16.4803, -0.1), (30.8724, 16.5803, 0), (30.8724, 16.5803, -0.1), (30.8724, 16.6444, 0), (30.8724, 16.6444, -0.1), (30.8724, 16.7444, 0), (30.8724, 16.7444, -0.1), (30.9724, 6.1739, 0), (30.9724, 11.4103, 0), (30.9724, 11.4103, -0.1), (30.9724, 6.1739, -0.1), (30.9724, 13.0403, 0), (30.9724, 13.0403, -0.1), (30.9724, 13.1403, 0), (30.9724, 13.1403, -0.1), (30.9724, 13.2044, 0), (30.9724, 13.2044, -0.1), (30.9724, 13.3044, 0), (30.9724, 13.3044, -0.1), (30.9724, 14.3044, 0), (30.9724, 14.3044, -0.1), (30.9724, 16.4803, 0), (30.9724, 16.4803, -0.1), (30.9724, 16.5803, 0), (30.9724, 16.5803, -0.1), (30.9724, 16.6444, 0), (30.9724, 16.6444, -0.1), (30.9724, 16.7444, 0), (30.9724, 16.7444, -0.1), (33.1692, 6.1739, 0), (33.1692, 11.4103, 0), (33.1692, 11.4103, -0.1), (33.1692, 6.1739, -0.1), (33.1692, 13.0403, 0), (33.1692, 13.0403, -0.1), (33.1692, 13.1403, 0), (33.1692, 13.1403, -0.1), (33.1692, 13.2044, 0), (33.1692, 13.2044, -0.1), (33.1692, 13.3044, 0), (33.1692, 13.3044, -0.1), (35.4492, 6.1739, 0), (35.4492, 11.4103, 0), (35.4492, 11.4103, -0.1), (35.4492, 6.1739, -0.1), (35.4492, 13.0403, 0), (35.4492, 13.0403, -0.1), (35.4492, 13.1403, 0), (35.4492, 13.1403, -0.1), (35.4492, 13.2044, 0), (35.4492, 13.2044, -0.1), (35.4492, 13.3044, 0), (35.4492, 13.3044, -0.1), (35.4492, 14.3044, 0), (33.1692, 14.3044, 0), (33.1692, 14.3044, -0.1), (35.4492, 14.3044, -0.1)]
    int[] faceVertexCounts = [4, 4, 4, 4, 4, 4, 4, 4, 4, 4, 4, 4, 4, 4, 4, 4, 4, 4, 4, 4, 4, 4, 4, 4, 4, 4, 4, 4, 4, 4, 4, 4, 4, 4, 4, 4, 4, 4, 4, 4, 4, 4, 4, 4, 4, 4, 4, 4, 4, 4, 4, 4, 4, 4, 4, 4, 4, 4, 4, 4, 4, 4, 4, 4, 4, 4, 4, 4, 4, 4, 4, 4, 4, 4, 4, 4, 4, 4, 4, 4, 4, 4, 4, 4, 4, 4, 4, 4, 4, 4, 4, 4, 4, 4, 4, 4, 4, 4, 4, 4, 4, 4, 4, 4, 4, 4, 4, 4, 4, 4, 4, 4, 4, 4, 4, 4, 4, 4, 4, 4, 4, 4, 4, 4, 4, 4, 4, 4, 4, 4, 4, 4, 4, 4, 4, 4, 4, 4, 4, 4, 4, 4, 4, 4, 4, 4, 4, 4, 4, 4, 4, 4, 4, 4, 4, 4, 4, 4, 4, 4, 4, 4, 4, 4, 4, 4, 4, 4, 4, 4, 4, 4, 4, 4, 4, 4, 4, 4, 4, 4, 4, 4, 4, 4, 4, 4, 4, 4, 4, 4, 4, 4, 4, 4, 4, 4, 4, 4, 4, 4, 4, 4, 4, 4, 4, 4, 4, 4, 4, 4, 4, 4, 4, 4, 4, 4, 4, 4, 4, 4, 4, 4, 4, 4, 4, 4, 4, 4, 4, 4, 4, 4, 4, 4, 4, 4, 4, 4, 4, 4, 4, 4, 4, 4, 4, 4, 4, 4, 4, 4, 4, 4, 4, 4, 4, 4, 4, 4, 4, 4, 4, 4, 4, 4, 4, 4, 4, 4, 4, 4, 4, 4, 4, 4, 4, 4, 4, 4, 4, 4, 4, 4, 4, 4, 4, 4, 4, 4, 4, 4, 4, 4]
    int[] faceVertexIndices = [0, 1, 2, 3, 4, 5, 6, 7, 7, 6, 1, 0, 4, 7, 0, 3, 3, 2, 8, 9, 10, 11, 5, 4, 11, 10, 9, 8, 10, 4, 3, 9, 1, 12, 13, 2, 5, 14, 15, 6, 6, 15, 12, 1, 2, 13, 16, 8, 11, 17, 14, 5, 8, 16, 18, 19, 20, 21, 17, 11, 20, 11, 8, 19, 19, 18, 22, 23, 24, 25, 21, 20, 24, 20, 19, 23, 23, 22, 26, 27, 28, 29, 25, 24, 28, 24, 23, 27, 27, 26, 30, 31, 32, 33, 29, 28, 32, 28, 27, 31, 31, 30, 34, 35, 36, 37, 33, 32, 37, 36, 35, 34, 36, 32, 31, 35, 12, 38, 39, 13, 14, 40, 41, 15, 15, 41, 38, 12, 13, 39, 42, 16, 17, 43, 40, 14, 16, 42, 44, 18, 21, 45, 43, 17, 18, 44, 46, 22, 25, 47, 45, 21, 22, 46, 48, 26, 29, 49, 47, 25, 26, 48, 50, 30, 33, 51, 49, 29, 30, 50, 52, 34, 37, 53, 51, 33, 53, 37, 34, 52, 54, 55, 56, 57, 58, 59, 60, 61, 61, 60, 55, 54, 58, 61, 54, 57, 57, 56, 62, 38, 41, 63, 59, 58, 41, 58, 57, 38, 38, 62, 64, 39, 40, 65, 63, 41, 39, 64, 66, 42, 43, 67, 65, 40, 42, 66, 68, 44, 45, 69, 67, 43, 44, 68, 70, 46, 47, 71, 69, 45, 46, 70, 72, 48, 49, 73, 71, 47, 48, 72, 74, 50, 51, 75, 73, 49, 50, 74, 76, 52, 53, 77, 75, 51, 77, 53, 52, 76, 55, 78, 79, 56, 59, 80, 81, 60, 60, 81, 78, 55, 56, 79, 82, 62, 63, 83, 80, 59, 62, 82, 84, 64, 65, 85, 83, 63, 64, 84, 86, 66, 67, 87, 85, 65, 66, 86, 88, 68, 69, 89, 87, 67, 87, 89, 88, 86, 68, 88, 90, 70, 71, 91, 89, 69, 89, 91, 90, 88, 70, 90, 92, 72, 73, 93, 91, 71, 91, 93, 92, 90, 72, 92, 94, 74, 75, 95, 93, 73, 93, 95, 94, 92, 74, 94, 96, 76, 77, 97, 95, 75, 95, 97, 96, 94, 97, 77, 76, 96, 78, 98, 99, 79, 80, 100, 101, 81, 81, 101, 98, 78, 79, 99, 102, 82, 83, 103, 100, 80, 82, 102, 104, 84, 85, 105, 103, 83, 84, 104, 106, 86, 87, 107, 105, 85, 107, 87, 86, 106, 98, 108, 109, 99, 100, 110, 111, 101, 101, 111, 108, 98, 99, 109, 112, 102, 103, 113, 110, 100, 102, 112, 114, 104, 105, 115, 113, 103, 104, 114, 116, 106, 107, 117, 115, 105, 106, 116, 118, 119, 120, 121, 117, 107, 120, 107, 106, 119, 119, 118, 122, 123, 124, 125, 121, 120, 124, 120, 119, 123, 123, 122, 126, 127, 128, 129, 125, 124, 125, 129, 126, 122, 128, 124, 123, 127, 127, 126, 130, 131, 132, 133, 129, 128, 129, 133, 130, 126, 132, 128, 127, 131, 131, 130, 134, 135, 136, 137, 133, 132, 133, 137, 134, 130, 136, 132, 131, 135, 135, 134, 138, 139, 140, 141, 137, 136, 137, 141, 138, 134, 140, 136, 135, 139, 139, 138, 142, 143, 144, 145, 141, 140, 141, 145, 142, 138, 144, 140, 139, 143, 143, 142, 146, 147, 148, 149, 145, 144, 145, 149, 146, 142, 149, 148, 147, 146, 148, 144, 143, 147, 108, 150, 151, 109, 110, 152, 153, 111, 111, 153, 150, 108, 109, 151, 154, 112, 113, 155, 152, 110, 112, 154, 156, 114, 115, 157, 155, 113, 114, 156, 158, 116, 117, 159, 157, 115, 116, 158, 160, 118, 121, 161, 159, 117, 118, 160, 162, 122, 125, 163, 161, 121, 163, 125, 122, 162, 150, 164, 165, 151, 152, 166, 167, 153, 153, 167, 164, 150, 151, 165, 168, 154, 155, 169, 166, 152, 154, 168, 170, 156, 157, 171, 169, 155, 156, 170, 172, 158, 159, 173, 171, 157, 158, 172, 174, 160, 161, 175, 173, 159, 160, 174, 176, 162, 163, 177, 175, 161, 162, 176, 178, 179, 180, 181, 177, 163, 180, 163, 162, 179, 179, 178, 182, 183, 184, 185, 181, 180, 184, 180, 179, 183, 183, 182, 186, 187, 188, 189, 185, 184, 188, 184, 183, 187, 187, 186, 190, 191, 192, 193, 189, 188, 192, 188, 187, 191, 191, 190, 194, 195, 196, 197, 193, 192, 197, 196, 195, 194, 196, 192, 191, 195, 164, 198, 199, 165, 166, 200, 201, 167, 167, 201, 198, 164, 201, 200, 199, 198, 165, 199, 202, 168, 169, 203, 200, 166, 168, 202, 204, 170, 171, 205, 203, 169, 170, 204, 206, 172, 173, 207, 205, 171, 172, 206, 208, 174, 175, 209, 207, 173, 174, 208, 210, 176, 177, 211, 209, 175, 176, 210, 212, 178, 181, 213, 211, 177, 178, 212, 214, 182, 185, 215, 213, 181, 182, 214, 216, 186, 189, 217, 215, 185, 186, 216, 218, 190, 193, 219, 217, 189, 190, 218, 220, 194, 197, 221, 219, 193, 221, 197, 194, 220, 199, 222, 223, 202, 203, 224, 225, 200, 200, 225, 222, 199, 202, 223, 226, 204, 205, 227, 224, 203, 204, 226, 228, 206, 207, 229, 227, 205, 206, 228, 230, 208, 209, 231, 229, 207, 208, 230, 232, 210, 211, 233, 231, 209, 210, 232, 234, 212, 213, 235, 233, 211, 212, 234, 236, 214, 215, 237, 235, 213, 214, 236, 238, 216, 217, 239, 237, 215, 216, 238, 240, 218, 219, 241, 239, 217, 218, 240, 242, 220, 221, 243, 241, 219, 243, 221, 220, 242, 222, 244, 245, 223, 224, 246, 247, 225, 225, 247, 244, 222, 223, 245, 248, 226, 227, 249, 246, 224, 226, 248, 250, 228, 229, 251, 249, 227, 228, 250, 252, 230, 231, 253, 251, 229, 230, 252, 254, 232, 233, 255, 253, 231, 232, 254, 256, 234, 235, 257, 255, 233, 255, 257, 256, 254, 234, 256, 258, 236, 237, 259, 257, 235, 257, 259, 258, 256, 236, 258, 260, 238, 239, 261, 259, 237, 259, 261, 260, 258, 238, 260, 262, 240, 241, 263, 261, 239, 261, 263, 262, 260, 240, 262, 264, 242, 243, 265, 263, 241, 263, 265, 264, 262, 265, 243, 242, 264, 244, 266, 267, 245, 246, 268, 269, 247, 247, 269, 266, 244, 245, 267, 270, 248, 249, 271, 268, 246, 248, 270, 272, 250, 251, 273, 271, 249, 250, 272, 274, 252, 253, 275, 273, 251, 252, 274, 276, 254, 255, 277, 275, 253, 277, 255, 254, 276, 266, 278, 279, 267, 268, 280, 281, 269, 269, 281, 278, 266, 281, 280, 279, 278, 267, 279, 282, 270, 271, 283, 280, 268, 280, 283, 282, 279, 270, 282, 284, 272, 273, 285, 283, 271, 283, 285, 284, 282, 272, 284, 286, 274, 275, 287, 285, 273, 285, 287, 286, 284, 274, 286, 288, 276, 277, 289, 287, 275, 287, 289, 288, 286, 276, 288, 290, 291, 292, 293, 289, 277, 289, 293, 290, 288, 293, 292, 291, 290, 292, 277, 276, 291]
    texCoord2f[] primvars:st = [(0.087, 11.4103), (15.5392, 11.4103), (15.5392, 13.0403), (0.087, 13.0403), (0.087, 13.0403), (15.5392, 13.0403), (15.5392, 11.4103), (0.087, 11.4103), (15.5392, 13.1403), (0.087, 13.1403), (0.087, 13.1403), (15.5392, 13.1403), (15.6392, 11.4103), (15.6392, 13.0403), (15.6392, 13.0403), (15.6392, 11.4103), (15.6392, 13.1403), (15.6392, 13.1403), (15.6392, 13.2044), (15.5392, 13.2044), (15.5392, 13.2044), (15.6392, 13.2044), (15.6392, 13.3044), (15.5392, 13.3044), (15.5392, 13.3044), (15.6392, 13.3044), (15.6392, 14.3044), (15.5392, 14.3044), (15.5392, 14.3044), (15.6392, 14.3044), (15.6392, 16.4803), (15.5392, 16.4803), (15.5392, 16.4803), (15.6392, 16.4803), (15.6392, 16.5803), (15.5392, 16.5803), (15.5392, 16.5803), (15.6392, 16.5803), (16.0145, 11.4103), (16.0145, 13.0403), (16.0145, 13.0403), (16.0145, 11.4103), (16.0145, 13.1403), (16.0145, 13.1403), (16.0145, 13.2044), (16.0145, 13.2044), (16.0145, 13.3044), (16.0145, 13.3044), (16.0145, 14.3044), (16.0145, 14.3044), (16.0145, 16.4803), (16.0145, 16.4803), (16.0145, 16.5803), (16.0145, 16.5803), (16.0145, 0.0435), (18.1392, 0.0435), (18.1392, 6.1739), (16.0145, 6.1739), (16.0145, 6.1739), (18.1392, 6.1739), (18.1392, 0.0435), (16.0145, 0.0435), (18.1392, 11.4103), (18.1392, 11.4103), (18.1392, 13.0403), (18.1392, 13.0403), (18.1392, 13.1403), (18.1392, 13.1403), (18.1392, 13.2044), (18.1392, 13.2044), (18.1392, 13.3044), (18.1392, 13.3044), (18.1392, 14.3044), (18.1392, 14.3044), (18.1392, 16.4803), (18.1392, 16.4803), (18.1392, 16.5803), (18.1392, 16.5803), (18.2392, 0.0435), (18.2392, 6.1739), (18.2392, 6.1739), (18.2392, 0.0435), (18.2392, 11.4103), (18.2392, 11.4103), (18.2392, 13.0403), (18.2392, 13.0403), (18.2392, 13.1403), (18.2392, 13.1403), (18.2392, 13.2044), (18.2392, 13.2044), (18.2392, 13.3044), (18.2392, 13.3044), (18.2392, 14.3044), (18.2392, 14.3044), (18.2392, 16.4803), (18.2392, 16.4803), (18.2392, 16.5803), (18.2392, 16.5803), (22.7392, 0.0435), (22.7392, 6.1739), (22.7392, 6.1739), (22.7392, 0.0435), (22.7392, 11.4103), (22.7392, 11.4103), (22.7392, 13.0403), (22.7392, 13.0403), (22.7392, 13.1403), (22.7392, 13.1403), (26.0724, 0.0435), (26.0724, 6.1739), (26.0724, 6.1739), (26.0724, 0.0435), (26.0724, 11.4103), (26.0724, 11.4103), (26.0724, 13.0403), (26.0724, 13.0403), (26.0724, 13.1403), (26.0724, 13.1403), (26.0724, 13.2044), (22.7392, 13.2044), (22.7392, 13.2044), (26.0724, 13.2044), (26.0724, 13.3044), (22.7392, 13.3044), (22.7392, 13.3044), (26.0724, 13.3044), (26.0724, 14.3044), (22.7392, 14.3044), (22.7392, 14.3044), (26.0724, 14.3044), (26.0724, 16.4803), (22.7392, 16.4803), (22.7392, 16.4803), (26.0724, 16.4803), (26.0724, 16.5803), (22.7392, 16.5803), (22.7392, 16.5803), (26.0724, 16.5803), (26.0724, 16.6444), (22.7392, 16.6444), (22.7392, 16.6444), (26.0724, 16.6444), (26.0724, 16.7444), (22.7392, 16.7444), (22.7392, 16.7444), (26.0724, 16.7444), (26.0724, 20.7246), (22.7392, 20.7246), (22.7392, 20.7246), (26.0724, 20.7246), (28.2724, 0.0435), (28.2724, 6.1739), (28.2724, 6.1739), (28.2724, 0.0435), (28.2724, 11.4103), (28.2724, 11.4103), (28.2724, 13.0403), (28.2724, 13.0403), (28.2724, 13.1403), (28.2724, 13.1403), (28.2724, 13.2044), (28.2724, 13.2044), (28.2724, 13.3044), (28.2724, 13.3044), (28.3724, 0.0435), (28.3724, 6.1739), (28.3724, 6.1739), (28.3724, 0.0435), (28.3724, 11.4103), (28.3724, 11.4103), (28.3724, 13.0403), (28.3724, 13.0403), (28.3724, 13.1403), (28.3724, 13.1403), (28.3724, 13.2044), (28.3724, 13.2044), (28.3724, 13.3044), (28.3724, 13.3044), (28.3724, 14.3044), (28.2724, 14.3044), (28.2724, 14.3044), (28.3724, 14.3044), (28.3724, 16.4803), (28.2724, 16.4803), (28.2724, 16.4803), (28.3724, 16.4803), (28.3724, 16.5803), (28.2724, 16.5803), (28.2724, 16.5803), (28.3724, 16.5803), (28.3724, 16.6444), (28.2724, 16.6444), (28.2724, 16.6444), (28.3724, 16.6444), (28.3724, 16.7444), (28.2724, 16.7444), (28.2724, 16.7444), (28.3724, 16.7444), (30.7536, 0.0435), (30.7536, 6.1739), (30.7536, 6.1739), (30.7536, 0.0435), (30.7536, 11.4103), (30.7536, 11.4103), (30.7536, 13.0403), (30.7536, 13.0403), (30.7536, 13.1403), (30.7536, 13.1403), (30.7536, 13.2044), (30.7536, 13.2044), (30.7536, 13.3044), (30.7536, 13.3044), (30.7536, 14.3044), (30.7536, 14.3044), (30.7536, 16.4803), (30.7536, 16.4803), (30.7536, 16.5803), (30.7536, 16.5803), (30.7536, 16.6444), (30.7536, 16.6444), (30.7536, 16.7444), (30.7536, 16.7444), (30.8724, 6.1739), (30.8724, 11.4103), (30.8724, 11.4103), (30.8724, 6.1739), (30.8724, 13.0403), (30.8724, 13.0403), (30.8724, 13.1403), (30.8724, 13.1403), (30.8724, 13.2044), (30.8724, 13.2044), (30.8724, 13.3044), (30.8724, 13.3044), (30.8724, 14.3044), (30.8724, 14.3044), (30.8724, 16.4803), (30.8724, 16.4803), (30.8724, 16.5803), (30.8724, 16.5803), (30.8724, 16.6444), (30.8724, 16.6444), (30.8724, 16.7444), (30.8724, 16.7444), (30.9724, 6.1739), (30.9724, 11.4103), (30.9724, 11.4103), (30.9724, 6.1739), (30.9724, 13.0403), (30.9724, 13.0403), (30.9724, 13.1403), (30.9724, 13.1403), (30.9724, 13.2044), (30.9724, 13.2044), (30.9724, 13.3044), (30.9724, 13.3044), (30.9724, 14.3044), (30.9724, 14.3044), (30.9724, 16.4803), (30.9724, 16.4803), (30.9724, 16.5803), (30.9724, 16.5803), (30.9724, 16.6444), (30.9724, 16.6444), (30.9724, 16.7444), (30.9724, 16.7444), (33.1692, 6.1739), (33.1692, 11.4103), (33.1692, 11.4103), (33.1692, 6.1739), (33.1692, 13.0403), (33.1692, 13.0403), (33.1692, 13.1403), (33.1692, 13.1403), (33.1692, 13.2044), (33.1692, 13.2044), (33.1692, 13.3044), (33.1692, 13.3044), (35.4492, 6.1739), (35.4492, 11.4103), (35.4492, 11.4103), (35.4492, 6.1739), (35.4492, 13.0403), (35.4492, 13.0403), (35.4492, 13.1403), (35.4492, 13.1403), (35.4492, 13.2044), (35.4492, 13.2044), (35.4492, 13.3044), (35.4492, 13.3044), (35.4492, 14.3044), (33.1692, 14.3044), (33.1692, 14.3044), (35.4492, 14.3044)]
    uniform token primvars:st:interpolation = "vertex"
    uniform token subdivisionScheme = "none"
    custom bool cbnu:stairOpening = false
}
over "Ceiling"
{
    point3f[] points = [(0.087, 11.4103, 3.1), (15.5392, 11.4103, 3.1), (15.5392, 13.0403, 3.1), (0.087, 13.0403, 3.1), (0.087, 13.0403, 3), (15.5392, 13.0403, 3), (15.5392, 11.4103, 3), (0.087, 11.4103, 3), (15.5392, 13.1403, 3.1), (0.087, 13.1403, 3.1), (0.087, 13.1403, 3), (15.5392, 13.1403, 3), (15.6392, 11.4103, 3.1), (15.6392, 13.0403, 3.1), (15.6392, 13.0403, 3), (15.6392, 11.4103, 3), (15.6392, 13.1403, 3.1), (15.6392, 13.1403, 3), (15.6392, 13.2044, 3.1), (15.5392, 13.2044, 3.1), (15.5392, 13.2044, 3), (15.6392, 13.2044, 3), (15.6392, 13.3044, 3.1), (15.5392, 13.3044, 3.1), (15.5392, 13.3044, 3), (15.6392, 13.3044, 3), (15.6392, 14.3044, 3.1), (15.5392, 14.3044, 3.1), (15.5392, 14.3044, 3), (15.6392, 14.3044, 3), (15.6392, 16.4803, 3.1), (15.5392, 16.4803, 3.1), (15.5392, 16.4803, 3), (15.6392, 16.4803, 3), (15.6392, 16.5803, 3.1), (15.5392, 16.5803, 3.1), (15.5392, 16.5803, 3), (15.6392, 16.5803, 3), (16.0145, 11.4103, 3.1), (16.0145, 13.0403, 3.1), (16.0145, 13.0403, 3), (16.0145, 11.4103, 3), (16.0145, 16.4803, 3.1), (16.0145, 16.5803, 3.1), (16.0145, 16.5803, 3), (16.0145, 16.4803, 3), (16.0145, 0.0435, 3.1), (18.1392, 0.0435, 3.1), (18.1392, 6.1739, 3.1), (16.0145, 6.1739, 3.1), (16.0145, 6.1739, 3), (18.1392, 6.1739, 3), (18.1392, 0.0435, 3), (16.0145, 0.0435, 3), (18.1392, 11.4103, 3.1), (18.1392, 11.4103, 3), (18.1392, 13.0403, 3.1), (18.1392, 13.0403, 3), (18.1392, 16.4803, 3.1), (18.1392, 16.5803, 3.1), (18.1392, 16.5803, 3), (18.1392, 16.4803, 3), (18.2392, 0.0435, 3.1), (18.2392, 6.1739, 3.1), (18.2392, 6.1739, 3), (18.2392, 0.0435, 3), (18.2392, 11.4103, 3.1), (18.2392, 11.4103, 3), (18.2392, 13.0403, 3.1), (18.2392, 13.0403, 3), (18.2392, 13.1403, 3.1), (18.1392, 13.1403, 3.1), (18.1392, 13.1403, 3), (18.2392, 13.1403, 3), (18.2392, 13.2044, 3.1), (18.1392, 13.2044, 3.1), (18.1392, 13.2044, 3), (18.2392, 13.2044, 3), (18.2392, 13.3044, 3.1), (18.1392, 13.3044, 3.1), (18.1392, 13.3044, 3), (18.2392, 13.3044, 3), (18.2392, 14.3044, 3.1), (18.1392, 14.3044, 3.1), (18.1392, 14.3044, 3), (18.2392, 14.3044, 3), (18.2392, 16.4803, 3.1), (18.2392, 16.4803, 3), (18.2392, 16.5803, 3.1), (18.2392, 16.5803, 3), (22.7392, 0.0435, 3.1), (22.7392, 6.1739, 3.1), (22.7392, 6.1739, 3), (22.7392, 0.0435, 3), (22.7392, 11.4103, 3.1), (22.7392, 11.4103, 3), (22.7392, 13.0403, 3.1), (22.7392, 13.0403, 3), (22.7392, 13.1403, 3.1), (22.7392, 13.1403, 3), (26.0724, 0.0435, 3.1), (26.0724, 6.1739, 3.1), (26.0724, 6.1739, 3), (26.0724, 0.0435, 3), (26.0724, 11.4103, 3.1), (26.0724, 11.4103, 3), (26.0724, 13.0403, 3.1), (26.0724, 13.0403, 3), (26.0724, 13.1403, 3.1), (26.0724, 13.1403, 3), (26.0724, 13.2044, 3.1), (22.7392, 13.2044, 3.1), (22.7392, 13.2044, 3), (26.0724, 13.2044, 3), (26.0724, 13.3044, 3.1), (22.7392, 13.3044, 3.1), (22.7392, 13.3044, 3), (26.0724, 13.3044, 3), (26.0724, 14.3044, 3.1), (22.7392, 14.3044, 3.1), (22.7392, 14.3044, 3), (26.0724, 14.3044, 3), (26.0724, 16.4803, 3.1), (22.7392, 16.4803, 3.1), (22.7392, 16.4803, 3), (26.0724, 16.4803, 3), (26.0724, 16.5803, 3.1), (22.7392, 16.5803, 3.1), (22.7392, 16.5803, 3), (26.0724, 16.5803, 3), (26.0724, 16.6444, 3.1), (22.7392, 16.6444, 3.1), (22.7392, 16.6444, 3), (26.0724, 16.6444, 3), (26.0724, 16.7444, 3.1), (22.7392, 16.7444, 3.1), (22.7392, 16.7444, 3), (26.0724, 16.7444, 3), (26.0724, 20.7246, 3.1), (22.7392, 20.7246, 3.1), (22.7392, 20.7246, 3), (26.0724, 20.7246, 3), (28.2724, 0.0435, 3.1), (28.2724, 6.1739, 3.1), (28.2724, 6.1739, 3), (28.2724, 0.0435, 3), (28.2724, 11.4103, 3.1), (28.2724, 11.4103, 3), (28.2724, 13.0403, 3.1), (28.2724, 13.0403, 3), (28.2724, 13.1403, 3.1), (28.2724, 13.1403, 3), (28.2724, 13.2044, 3.1), (28.2724, 13.2044, 3), (28.2724, 13.3044, 3.1), (28.2724, 13.3044, 3), (28.3724, 0.0435, 3.1), (28.3724, 6.1739, 3.1), (28.3724, 6.1739, 3), (28.3724, 0.0435, 3), (28.3724, 11.4103, 3.1), (28.3724, 11.4103, 3), (28.3724, 13.0403, 3.1), (28.3724, 13.0403, 3), (28.3724, 13.1403, 3.1), (28.3724, 13.1403, 3), (28.3724, 13.2044, 3.1), (28.3724, 13.2044, 3), (28.3724, 13.3044, 3.1), (28.3724, 13.3044, 3), (28.3724, 14.3044, 3.1), (28.2724, 14.3044, 3.1), (28.2724, 14.3044, 3), (28.3724, 14.3044, 3), (28.3724, 16.4803, 3.1), (28.2724, 16.4803, 3.1), (28.2724, 16.4803, 3), (28.3724, 16.4803, 3), (28.3724, 16.5803, 3.1), (28.2724, 16.5803, 3.1), (28.2724, 16.5803, 3), (28.3724, 16.5803, 3), (28.3724, 16.6444, 3.1), (28.2724, 16.6444, 3.1), (28.2724, 16.6444, 3), (28.3724, 16.6444, 3), (28.3724, 16.7444, 3.1), (28.2724, 16.7444, 3.1), (28.2724, 16.7444, 3), (28.3724, 16.7444, 3), (30.7536, 0.0435, 3.1), (30.7536, 6.1739, 3.1), (30.7536, 6.1739, 3), (30.7536, 0.0435, 3), (30.7536, 11.4103, 3.1), (30.7536, 11.4103, 3), (30.7536, 13.0403, 3.1), (30.7536, 13.0403, 3), (30.7536, 13.1403, 3.1), (30.7536, 13.1403, 3), (30.7536, 13.2044, 3.1), (30.7536, 13.2044, 3), (30.7536, 16.6444, 3.1), (30.7536, 16.7444, 3.1), (30.7536, 16.7444, 3), (30.7536, 16.6444, 3), (30.8724, 6.1739, 3.1), (30.8724, 11.4103, 3.1), (30.8724, 11.4103, 3), (30.8724, 6.1739, 3), (30.8724, 13.0403, 3.1), (30.8724, 13.0403, 3), (30.8724, 13.1403, 3.1), (30.8724, 13.1403, 3), (30.8724, 13.2044, 3.1), (30.8724, 13.2044, 3), (30.8724, 16.6444, 3.1), (30.8724, 16.7444, 3.1), (30.8724, 16.7444, 3), (30.8724, 16.6444, 3), (30.9724, 6.1739, 3.1), (30.9724, 11.4103, 3.1), (30.9724, 11.4103, 3), (30.9724, 6.1739, 3), (30.9724, 13.0403, 3.1), (30.9724, 13.0403, 3), (30.9724, 13.1403, 3.1), (30.9724, 13.1403, 3), (30.9724, 13.2044, 3.1), (30.9724, 13.2044, 3), (30.9724, 13.3044, 3.1), (30.8724, 13.3044, 3.1), (30.8724, 13.3044, 3), (30.9724, 13.3044, 3), (30.9724, 14.3044, 3.1), (30.8724, 14.3044, 3.1), (30.8724, 14.3044, 3), (30.9724, 14.3044, 3), (30.9724, 16.4803, 3.1), (30.8724, 16.4803, 3.1), (30.8724, 16.4803, 3), (30.9724, 16.4803, 3), (30.9724, 16.5803, 3.1), (30.8724, 16.5803, 3.1), (30.8724, 16.5803, 3), (30.9724, 16.5803, 3), (30.9724, 16.6444, 3.1), (30.9724, 16.6444, 3), (30.9724, 16.7444, 3.1), (30.9724, 16.7444, 3), (33.1692, 6.1739, 3.1), (33.1692, 11.4103, 3.1), (33.1692, 11.4103, 3), (33.1692, 6.1739, 3), (33.1692, 13.0403, 3.1), (33.1692, 13.0403, 3), (33.1692, 13.1403, 3.1), (33.1692, 13.1403, 3), (33.1692, 13.2044, 3.1), (33.1692, 13.2044, 3), (33.1692, 13.3044, 3.1), (33.1692, 13.3044, 3), (35.4492, 6.1739, 3.1), (35.4492, 11.4103, 3.1), (35.4492, 11.4103, 3), (35.4492, 6.1739, 3), (35.4492, 13.0403, 3.1), (35.4492, 13.0403, 3), (35.4492, 13.1403, 3.1), (35.4492, 13.1403, 3), (35.4492, 13.2044, 3.1), (35.4492, 13.2044, 3), (35.4492, 13.3044, 3.1), (35.4492, 13.3044, 3), (35.4492, 14.3044, 3.1), (33.1692, 14.3044, 3.1), (33.1692, 14.3044, 3), (35.4492, 14.3044, 3)]
    int[] faceVertexCounts = [4, 4, 4, 4, 4, 4, 4, 4, 4, 4, 4, 4, 4, 4, 4, 4, 4, 4, 4, 4, 4, 4, 4, 4, 4, 4, 4, 4, 4, 4, 4, 4, 4, 4, 4, 4, 4, 4, 4, 4, 4, 4, 4, 4, 4, 4, 4, 4, 4, 4, 4, 4, 4, 4, 4, 4, 4, 4, 4, 4, 4, 4, 4, 4, 4, 4, 4, 4, 4, 4, 4, 4, 4, 4, 4, 4, 4, 4, 4, 4, 4, 4, 4, 4, 4, 4, 4, 4, 4, 4, 4, 4, 4, 4, 4, 4, 4, 4, 4, 4, 4, 4, 4, 4, 4, 4, 4, 4, 4, 4, 4, 4, 4, 4, 4, 4, 4, 4, 4, 4, 4, 4, 4, 4, 4, 4, 4, 4, 4, 4, 4, 4, 4, 4, 4, 4, 4, 4, 4, 4, 4, 4, 4, 4, 4, 4, 4, 4, 4, 4, 4, 4, 4, 4, 4, 4, 4, 4, 4, 4, 4, 4, 4, 4, 4, 4, 4, 4, 4, 4, 4, 4, 4, 4, 4, 4, 4, 4, 4, 4, 4, 4, 4, 4, 4, 4, 4, 4, 4, 4, 4, 4, 4, 4, 4, 4, 4, 4, 4, 4, 4, 4, 4, 4, 4, 4, 4, 4, 4, 4, 4, 4, 4, 4, 4, 4, 4, 4, 4, 4, 4, 4, 4, 4, 4, 4, 4, 4, 4, 4, 4, 4, 4, 4, 4, 4, 4, 4, 4, 4, 4, 4, 4, 4, 4, 4, 4, 4, 4, 4, 4, 4, 4, 4, 4, 4, 4, 4, 4, 4, 4, 4, 4, 4, 4, 4, 4, 4, 4, 4, 4, 4, 4, 4, 4, 4, 4, 4, 4, 4]
    int[] faceVertexIndices = [0, 1, 2, 3, 4, 5, 6, 7, 7, 6, 1, 0, 4, 7, 0, 3, 3, 2, 8, 9, 10, 11, 5, 4, 11, 10, 9, 8, 10, 4, 3, 9, 1, 12, 13, 2, 5, 14, 15, 6, 6, 15, 12, 1, 2, 13, 16, 8, 11, 17, 14, 5, 14, 17, 16, 13, 8, 16, 18, 19, 20, 21, 17, 11, 17, 21, 18, 16, 20, 11, 8, 19, 19, 18, 22, 23, 24, 25, 21, 20, 21, 25, 22, 18, 24, 20, 19, 23, 23, 22, 26, 27, 28, 29, 25, 24, 25, 29, 26, 22, 28, 24, 23, 27, 27, 26, 30, 31, 32, 33, 29, 28, 29, 33, 30, 26, 32, 28, 27, 31, 31, 30, 34, 35, 36, 37, 33, 32, 37, 36, 35, 34, 36, 32, 31, 35, 12, 38, 39, 13, 14, 40, 41, 15, 15, 41, 38, 12, 40, 14, 13, 39, 30, 42, 43, 34, 37, 44, 45, 33, 33, 45, 42, 30, 44, 37, 34, 43, 46, 47, 48, 49, 50, 51, 52, 53, 53, 52, 47, 46, 50, 53, 46, 49, 49, 48, 54, 38, 41, 55, 51, 50, 41, 50, 49, 38, 38, 54, 56, 39, 40, 57, 55, 41, 57, 40, 39, 56, 42, 58, 59, 43, 44, 60, 61, 45, 45, 61, 58, 42, 60, 44, 43, 59, 47, 62, 63, 48, 51, 64, 65, 52, 52, 65, 62, 47, 48, 63, 66, 54, 55, 67, 64, 51, 54, 66, 68, 56, 57, 69, 67, 55, 56, 68, 70, 71, 72, 73, 69, 57, 72, 57, 56, 71, 71, 70, 74, 75, 76, 77, 73, 72, 73, 77, 74, 70, 76, 72, 71, 75, 75, 74, 78, 79, 80, 81, 77, 76, 77, 81, 78, 74, 80, 76, 75, 79, 79, 78, 82, 83, 84, 85, 81, 80, 81, 85, 82, 78, 84, 80, 79, 83, 83, 82, 86, 58, 61, 87, 85, 84, 85, 87, 86, 82, 61, 84, 83, 58, 58, 86, 88, 59, 60, 89, 87, 61, 87, 89, 88, 86, 89, 60, 59, 88, 62, 90, 91, 63, 64, 92, 93, 65, 65, 93, 90, 62, 63, 91, 94, 66, 67, 95, 92, 64, 66, 94, 96, 68, 69, 97, 95, 67, 68, 96, 98, 70, 73, 99, 97, 69, 99, 73, 70, 98, 90, 100, 101, 91, 92, 102, 103, 93, 93, 103, 100, 90, 91, 101, 104, 94, 95, 105, 102, 92, 94, 104, 106, 96, 97, 107, 105, 95, 96, 106, 108, 98, 99, 109, 107, 97, 98, 108, 110, 111, 112, 113, 109, 99, 112, 99, 98, 111, 111, 110, 114, 115, 116, 117, 113, 112, 116, 112, 111, 115, 115, 114, 118, 119, 120, 121, 117, 116, 117, 121, 118, 114, 120, 116, 115, 119, 119, 118, 122, 123, 124, 125, 121, 120, 121, 125, 122, 118, 124, 120, 119, 123, 123, 122, 126, 127, 128, 129, 125, 124, 125, 129, 126, 122, 128, 124, 123, 127, 127, 126, 130, 131, 132, 133, 129, 128, 129, 133, 130, 126, 132, 128, 127, 131, 131, 130, 134, 135, 136, 137, 133, 132, 133, 137, 134, 130, 136, 132, 131, 135, 135, 134, 138, 139, 140, 141, 137, 136, 137, 141, 138, 134, 141, 140, 139, 138, 140, 136, 135, 139, 100, 142, 143, 101, 102, 144, 145, 103, 103, 145, 142, 100, 101, 143, 146, 104, 105, 147, 144, 102, 104, 146, 148, 106, 107, 149, 147, 105, 106, 148, 150, 108, 109, 151, 149, 107, 108, 150, 152, 110, 113, 153, 151, 109, 110, 152, 154, 114, 117, 155, 153, 113, 155, 117, 114, 154, 142, 156, 157, 143, 144, 158, 159, 145, 145, 159, 156, 142, 143, 157, 160, 146, 147, 161, 158, 144, 146, 160, 162, 148, 149, 163, 161, 147, 148, 162, 164, 150, 151, 165, 163, 149, 150, 164, 166, 152, 153, 167, 165, 151, 152, 166, 168, 154, 155, 169, 167, 153, 167, 169, 168, 166, 154, 168, 170, 171, 172, 173, 169, 155, 169, 173, 170, 168, 172, 155, 154, 171, 171, 170, 174, 175, 176, 177, 173, 172, 173, 177, 174, 170, 176, 172, 171, 175, 175, 174, 178, 179, 180, 181, 177, 176, 177, 181, 178, 174, 180, 176, 175, 179, 179, 178, 182, 183, 184, 185, 181, 180, 181, 185, 182, 178, 184, 180, 179, 183, 183, 182, 186, 187, 188, 189, 185, 184, 189, 188, 187, 186, 188, 184, 183, 187, 156, 190, 191, 157, 158, 192, 193, 159, 159, 193, 190, 156, 193, 192, 191, 190, 157, 191, 194, 160, 161, 195, 192, 158, 160, 194, 196, 162, 163, 197, 195, 161, 162, 196, 198, 164, 165, 199, 197, 163, 164, 198, 200, 166, 167, 201, 199, 165, 201, 167, 166, 200, 182, 202, 203, 186, 189, 204, 205, 185, 185, 205, 202, 182, 204, 189, 186, 203, 191, 206, 207, 194, 195, 208, 209, 192, 192, 209, 206, 191, 194, 207, 210, 196, 197, 211, 208, 195, 196, 210, 212, 198, 199, 213, 211, 197, 198, 212, 214, 200, 201, 215, 213, 199, 215, 201, 200, 214, 202, 216, 217, 203, 204, 218, 219, 205, 205, 219, 216, 202, 218, 204, 203, 217, 206, 220, 221, 207, 208, 222, 223, 209, 209, 223, 220, 206, 207, 221, 224, 210, 211, 225, 222, 208, 210, 224, 226, 212, 213, 227, 225, 211, 212, 226, 228, 214, 215, 229, 227, 213, 214, 228, 230, 231, 232, 233, 229, 215, 232, 215, 214, 231, 231, 230, 234, 235, 236, 237, 233, 232, 233, 237, 234, 230, 236, 232, 231, 235, 235, 234, 238, 239, 240, 241, 237, 236, 237, 241, 238, 234, 240, 236, 235, 239, 239, 238, 242, 243, 244, 245, 241, 240, 241, 245, 242, 238, 244, 240, 239, 243, 243, 242, 246, 216, 219, 247, 245, 244, 245, 247, 246, 242, 219, 244, 243, 216, 216, 246, 248, 217, 218, 249, 247, 219, 247, 249, 248, 246, 249, 218, 217, 248, 220, 250, 251, 221, 222, 252, 253, 223, 223, 253, 250, 220, 221, 251, 254, 224, 225, 255, 252, 222, 224, 254, 256, 226, 227, 257, 255, 225, 226, 256, 258, 228, 229, 259, 257, 227, 228, 258, 260, 230, 233, 261, 259, 229, 261, 233, 230, 260, 250, 262, 263, 251, 252, 264, 265, 253, 253, 265, 262, 250, 265, 264, 263, 262, 251, 263, 266, 254, 255, 267, 264, 252, 264, 267, 266, 263, 254, 266, 268, 256, 257, 269, 267, 255, 267, 269, 268, 266, 256, 268, 270, 258, 259, 271, 269, 257, 269, 271, 270, 268, 258, 270, 272, 260, 261, 273, 271, 259, 271, 273, 272, 270, 260, 272, 274, 275, 276, 277, 273, 261, 273, 277, 274, 272, 277, 276, 275, 274, 276, 261, 260, 275]
    texCoord2f[] primvars:st = [(0.087, 11.4103), (15.5392, 11.4103), (15.5392, 13.0403), (0.087, 13.0403), (0.087, 13.0403), (15.5392, 13.0403), (15.5392, 11.4103), (0.087, 11.4103), (15.5392, 13.1403), (0.087, 13.1403), (0.087, 13.1403), (15.5392, 13.1403), (15.6392, 11.4103), (15.6392, 13.0403), (15.6392, 13.0403), (15.6392, 11.4103), (15.6392, 13.1403), (15.6392, 13.1403), (15.6392, 13.2044), (15.5392, 13.2044), (15.5392, 13.2044), (15.6392, 13.2044), (15.6392, 13.3044), (15.5392, 13.3044), (15.5392, 13.3044), (15.6392, 13.3044), (15.6392, 14.3044), (15.5392, 14.3044), (15.5392, 14.3044), (15.6392, 14.3044), (15.6392, 16.4803), (15.5392, 16.4803), (15.5392, 16.4803), (15.6392, 16.4803), (15.6392, 16.5803), (15.5392, 16.5803), (15.5392, 16.5803), (15.6392, 16.5803), (16.0145, 11.4103), (16.0145, 13.0403), (16.0145, 13.0403), (16.0145, 11.4103), (16.0145, 16.4803), (16.0145, 16.5803), (16.0145, 16.5803), (16.0145, 16.4803), (16.0145, 0.0435), (18.1392, 0.0435), (18.1392, 6.1739), (16.0145, 6.1739), (16.0145, 6.1739), (18.1392, 6.1739), (18.1392, 0.0435), (16.0145, 0.0435), (18.1392, 11.4103), (18.1392, 11.4103), (18.1392, 13.0403), (18.1392, 13.0403), (18.1392, 16.4803), (18.1392, 16.5803), (18.1392, 16.5803), (18.1392, 16.4803), (18.2392, 0.0435), (18.2392, 6.1739), (18.2392, 6.1739), (18.2392, 0.0435), (18.2392, 11.4103), (18.2392, 11.4103), (18.2392, 13.0403), (18.2392, 13.0403), (18.2392, 13.1403), (18.1392, 13.1403), (18.1392, 13.1403), (18.2392, 13.1403), (18.2392, 13.2044), (18.1392, 13.2044), (18.1392, 13.2044), (18.2392, 13.2044), (18.2392, 13.3044), (18.1392, 13.3044), (18.1392, 13.3044), (18.2392, 13.3044), (18.2392, 14.3044), (18.1392, 14.3044), (18.1392, 14.3044), (18.2392, 14.3044), (18.2392, 16.4803), (18.2392, 16.4803), (18.2392, 16.5803), (18.2392, 16.5803), (22.7392, 0.0435), (22.7392, 6.1739), (22.7392, 6.1739), (22.7392, 0.0435), (22.7392, 11.4103), (22.7392, 11.4103), (22.7392, 13.0403), (22.7392, 13.0403), (22.7392, 13.1403), (22.7392, 13.1403), (26.0724, 0.0435), (26.0724, 6.1739), (26.0724, 6.1739), (26.0724, 0.0435), (26.0724, 11.4103), (26.0724, 11.4103), (26.0724, 13.0403), (26.0724, 13.0403), (26.0724, 13.1403), (26.0724, 13.1403), (26.0724, 13.2044), (22.7392, 13.2044), (22.7392, 13.2044), (26.0724, 13.2044), (26.0724, 13.3044), (22.7392, 13.3044), (22.7392, 13.3044), (26.0724, 13.3044), (26.0724, 14.3044), (22.7392, 14.3044), (22.7392, 14.3044), (26.0724, 14.3044), (26.0724, 16.4803), (22.7392, 16.4803), (22.7392, 16.4803), (26.0724, 16.4803), (26.0724, 16.5803), (22.7392, 16.5803), (22.7392, 16.5803), (26.0724, 16.5803), (26.0724, 16.6444), (22.7392, 16.6444), (22.7392, 16.6444), (26.0724, 16.6444), (26.0724, 16.7444), (22.7392, 16.7444), (22.7392, 16.7444), (26.0724, 16.7444), (26.0724, 20.7246), (22.7392, 20.7246), (22.7392, 20.7246), (26.0724, 20.7246), (28.2724, 0.0435), (28.2724, 6.1739), (28.2724, 6.1739), (28.2724, 0.0435), (28.2724, 11.4103), (28.2724, 11.4103), (28.2724, 13.0403), (28.2724, 13.0403), (28.2724, 13.1403), (28.2724, 13.1403), (28.2724, 13.2044), (28.2724, 13.2044), (28.2724, 13.3044), (28.2724, 13.3044), (28.3724, 0.0435), (28.3724, 6.1739), (28.3724, 6.1739), (28.3724, 0.0435), (28.3724, 11.4103), (28.3724, 11.4103), (28.3724, 13.0403), (28.3724, 13.0403), (28.3724, 13.1403), (28.3724, 13.1403), (28.3724, 13.2044), (28.3724, 13.2044), (28.3724, 13.3044), (28.3724, 13.3044), (28.3724, 14.3044), (28.2724, 14.3044), (28.2724, 14.3044), (28.3724, 14.3044), (28.3724, 16.4803), (28.2724, 16.4803), (28.2724, 16.4803), (28.3724, 16.4803), (28.3724, 16.5803), (28.2724, 16.5803), (28.2724, 16.5803), (28.3724, 16.5803), (28.3724, 16.6444), (28.2724, 16.6444), (28.2724, 16.6444), (28.3724, 16.6444), (28.3724, 16.7444), (28.2724, 16.7444), (28.2724, 16.7444), (28.3724, 16.7444), (30.7536, 0.0435), (30.7536, 6.1739), (30.7536, 6.1739), (30.7536, 0.0435), (30.7536, 11.4103), (30.7536, 11.4103), (30.7536, 13.0403), (30.7536, 13.0403), (30.7536, 13.1403), (30.7536, 13.1403), (30.7536, 13.2044), (30.7536, 13.2044), (30.7536, 16.6444), (30.7536, 16.7444), (30.7536, 16.7444), (30.7536, 16.6444), (30.8724, 6.1739), (30.8724, 11.4103), (30.8724, 11.4103), (30.8724, 6.1739), (30.8724, 13.0403), (30.8724, 13.0403), (30.8724, 13.1403), (30.8724, 13.1403), (30.8724, 13.2044), (30.8724, 13.2044), (30.8724, 16.6444), (30.8724, 16.7444), (30.8724, 16.7444), (30.8724, 16.6444), (30.9724, 6.1739), (30.9724, 11.4103), (30.9724, 11.4103), (30.9724, 6.1739), (30.9724, 13.0403), (30.9724, 13.0403), (30.9724, 13.1403), (30.9724, 13.1403), (30.9724, 13.2044), (30.9724, 13.2044), (30.9724, 13.3044), (30.8724, 13.3044), (30.8724, 13.3044), (30.9724, 13.3044), (30.9724, 14.3044), (30.8724, 14.3044), (30.8724, 14.3044), (30.9724, 14.3044), (30.9724, 16.4803), (30.8724, 16.4803), (30.8724, 16.4803), (30.9724, 16.4803), (30.9724, 16.5803), (30.8724, 16.5803), (30.8724, 16.5803), (30.9724, 16.5803), (30.9724, 16.6444), (30.9724, 16.6444), (30.9724, 16.7444), (30.9724, 16.7444), (33.1692, 6.1739), (33.1692, 11.4103), (33.1692, 11.4103), (33.1692, 6.1739), (33.1692, 13.0403), (33.1692, 13.0403), (33.1692, 13.1403), (33.1692, 13.1403), (33.1692, 13.2044), (33.1692, 13.2044), (33.1692, 13.3044), (33.1692, 13.3044), (35.4492, 6.1739), (35.4492, 11.4103), (35.4492, 11.4103), (35.4492, 6.1739), (35.4492, 13.0403), (35.4492, 13.0403), (35.4492, 13.1403), (35.4492, 13.1403), (35.4492, 13.2044), (35.4492, 13.2044), (35.4492, 13.3044), (35.4492, 13.3044), (35.4492, 14.3044), (33.1692, 14.3044), (33.1692, 14.3044), (35.4492, 14.3044)]
    uniform token primvars:st:interpolation = "vertex"
    uniform token subdivisionScheme = "none"
    custom bool cbnu:stairOpening = true
}
        over "Walls"
        {
over "Wall_16"
{
    double3 xformOp:translate = (15.5392, 14.8603, 1.5)
    double3 xformOp:scale = (3.44, 0.2, 3)
}
over "Wall_17"
{
    double3 xformOp:translate = (18.2392, 14.8603, 1.5)
    double3 xformOp:scale = (3.44, 0.2, 3)
}
over "Wall_18"
{
    double3 xformOp:translate = (16.8892, 16.5803, 1.5)
}
over "Wall_20"
{
    double3 xformOp:translate = (28.2724, 15.0244, 1.5)
    double3 xformOp:scale = (3.44, 0.2, 3)
}
over "Wall_21"
{
    double3 xformOp:translate = (30.9724, 15.0244, 1.5)
    double3 xformOp:scale = (3.44, 0.2, 3)
}
over "Wall_22"
{
    double3 xformOp:translate = (29.6224, 16.7444, 1.5)
}
        }
        over "CeilingLights"
        {
            over "CeilingLight_16" (active = false) {}
            over "CeilingLight_17" (active = false) {}
        }
    }
    over "Floor_02"
    {
        over "Environment"
        {
over "Floor"
{
    point3f[] points = [(0.087, 11.4103, 0), (15.5392, 11.4103, 0), (15.5392, 13.0403, 0), (0.087, 13.0403, 0), (0.087, 13.0403, -0.1), (15.5392, 13.0403, -0.1), (15.5392, 11.4103, -0.1), (0.087, 11.4103, -0.1), (15.5392, 13.1403, 0), (0.087, 13.1403, 0), (0.087, 13.1403, -0.1), (15.5392, 13.1403, -0.1), (15.6392, 11.4103, 0), (15.6392, 13.0403, 0), (15.6392, 13.0403, -0.1), (15.6392, 11.4103, -0.1), (15.6392, 13.1403, 0), (15.6392, 13.1403, -0.1), (15.6392, 13.2044, 0), (15.5392, 13.2044, 0), (15.5392, 13.2044, -0.1), (15.6392, 13.2044, -0.1), (15.6392, 13.3044, 0), (15.5392, 13.3044, 0), (15.5392, 13.3044, -0.1), (15.6392, 13.3044, -0.1), (15.6392, 14.3044, 0), (15.5392, 14.3044, 0), (15.5392, 14.3044, -0.1), (15.6392, 14.3044, -0.1), (15.6392, 16.4803, 0), (15.5392, 16.4803, 0), (15.5392, 16.4803, -0.1), (15.6392, 16.4803, -0.1), (15.6392, 16.5803, 0), (15.5392, 16.5803, 0), (15.5392, 16.5803, -0.1), (15.6392, 16.5803, -0.1), (16.0145, 11.4103, 0), (16.0145, 13.0403, 0), (16.0145, 13.0403, -0.1), (16.0145, 11.4103, -0.1), (16.0145, 16.4803, 0), (16.0145, 16.5803, 0), (16.0145, 16.5803, -0.1), (16.0145, 16.4803, -0.1), (16.0145, 0.0435, 0), (18.1392, 0.0435, 0), (18.1392, 6.1739, 0), (16.0145, 6.1739, 0), (16.0145, 6.1739, -0.1), (18.1392, 6.1739, -0.1), (18.1392, 0.0435, -0.1), (16.0145, 0.0435, -0.1), (18.1392, 11.4103, 0), (18.1392, 11.4103, -0.1), (18.1392, 13.0403, 0), (18.1392, 13.0403, -0.1), (18.1392, 16.4803, 0), (18.1392, 16.5803, 0), (18.1392, 16.5803, -0.1), (18.1392, 16.4803, -0.1), (18.2392, 0.0435, 0), (18.2392, 6.1739, 0), (18.2392, 6.1739, -0.1), (18.2392, 0.0435, -0.1), (18.2392, 11.4103, 0), (18.2392, 11.4103, -0.1), (18.2392, 13.0403, 0), (18.2392, 13.0403, -0.1), (18.2392, 13.1403, 0), (18.1392, 13.1403, 0), (18.1392, 13.1403, -0.1), (18.2392, 13.1403, -0.1), (18.2392, 13.2044, 0), (18.1392, 13.2044, 0), (18.1392, 13.2044, -0.1), (18.2392, 13.2044, -0.1), (18.2392, 13.3044, 0), (18.1392, 13.3044, 0), (18.1392, 13.3044, -0.1), (18.2392, 13.3044, -0.1), (18.2392, 14.3044, 0), (18.1392, 14.3044, 0), (18.1392, 14.3044, -0.1), (18.2392, 14.3044, -0.1), (18.2392, 16.4803, 0), (18.2392, 16.4803, -0.1), (18.2392, 16.5803, 0), (18.2392, 16.5803, -0.1), (22.7392, 0.0435, 0), (22.7392, 6.1739, 0), (22.7392, 6.1739, -0.1), (22.7392, 0.0435, -0.1), (22.7392, 11.4103, 0), (22.7392, 11.4103, -0.1), (22.7392, 13.0403, 0), (22.7392, 13.0403, -0.1), (22.7392, 13.1403, 0), (22.7392, 13.1403, -0.1), (26.0724, 0.0435, 0), (26.0724, 6.1739, 0), (26.0724, 6.1739, -0.1), (26.0724, 0.0435, -0.1), (26.0724, 11.4103, 0), (26.0724, 11.4103, -0.1), (26.0724, 13.0403, 0), (26.0724, 13.0403, -0.1), (26.0724, 13.1403, 0), (26.0724, 13.1403, -0.1), (26.0724, 13.2044, 0), (22.7392, 13.2044, 0), (22.7392, 13.2044, -0.1), (26.0724, 13.2044, -0.1), (26.0724, 13.3044, 0), (22.7392, 13.3044, 0), (22.7392, 13.3044, -0.1), (26.0724, 13.3044, -0.1), (26.0724, 14.3044, 0), (22.7392, 14.3044, 0), (22.7392, 14.3044, -0.1), (26.0724, 14.3044, -0.1), (26.0724, 16.4803, 0), (22.7392, 16.4803, 0), (22.7392, 16.4803, -0.1), (26.0724, 16.4803, -0.1), (26.0724, 16.5803, 0), (22.7392, 16.5803, 0), (22.7392, 16.5803, -0.1), (26.0724, 16.5803, -0.1), (26.0724, 16.6444, 0), (22.7392, 16.6444, 0), (22.7392, 16.6444, -0.1), (26.0724, 16.6444, -0.1), (26.0724, 16.7444, 0), (22.7392, 16.7444, 0), (22.7392, 16.7444, -0.1), (26.0724, 16.7444, -0.1), (26.0724, 20.7246, 0), (22.7392, 20.7246, 0), (22.7392, 20.7246, -0.1), (26.0724, 20.7246, -0.1), (28.2724, 0.0435, 0), (28.2724, 6.1739, 0), (28.2724, 6.1739, -0.1), (28.2724, 0.0435, -0.1), (28.2724, 11.4103, 0), (28.2724, 11.4103, -0.1), (28.2724, 13.0403, 0), (28.2724, 13.0403, -0.1), (28.2724, 13.1403, 0), (28.2724, 13.1403, -0.1), (28.2724, 13.2044, 0), (28.2724, 13.2044, -0.1), (28.2724, 13.3044, 0), (28.2724, 13.3044, -0.1), (28.3724, 0.0435, 0), (28.3724, 6.1739, 0), (28.3724, 6.1739, -0.1), (28.3724, 0.0435, -0.1), (28.3724, 11.4103, 0), (28.3724, 11.4103, -0.1), (28.3724, 13.0403, 0), (28.3724, 13.0403, -0.1), (28.3724, 13.1403, 0), (28.3724, 13.1403, -0.1), (28.3724, 13.2044, 0), (28.3724, 13.2044, -0.1), (28.3724, 13.3044, 0), (28.3724, 13.3044, -0.1), (28.3724, 14.3044, 0), (28.2724, 14.3044, 0), (28.2724, 14.3044, -0.1), (28.3724, 14.3044, -0.1), (28.3724, 16.4803, 0), (28.2724, 16.4803, 0), (28.2724, 16.4803, -0.1), (28.3724, 16.4803, -0.1), (28.3724, 16.5803, 0), (28.2724, 16.5803, 0), (28.2724, 16.5803, -0.1), (28.3724, 16.5803, -0.1), (28.3724, 16.6444, 0), (28.2724, 16.6444, 0), (28.2724, 16.6444, -0.1), (28.3724, 16.6444, -0.1), (28.3724, 16.7444, 0), (28.2724, 16.7444, 0), (28.2724, 16.7444, -0.1), (28.3724, 16.7444, -0.1), (30.7536, 0.0435, 0), (30.7536, 6.1739, 0), (30.7536, 6.1739, -0.1), (30.7536, 0.0435, -0.1), (30.7536, 11.4103, 0), (30.7536, 11.4103, -0.1), (30.7536, 13.0403, 0), (30.7536, 13.0403, -0.1), (30.7536, 13.1403, 0), (30.7536, 13.1403, -0.1), (30.7536, 13.2044, 0), (30.7536, 13.2044, -0.1), (30.7536, 16.6444, 0), (30.7536, 16.7444, 0), (30.7536, 16.7444, -0.1), (30.7536, 16.6444, -0.1), (30.8724, 6.1739, 0), (30.8724, 11.4103, 0), (30.8724, 11.4103, -0.1), (30.8724, 6.1739, -0.1), (30.8724, 13.0403, 0), (30.8724, 13.0403, -0.1), (30.8724, 13.1403, 0), (30.8724, 13.1403, -0.1), (30.8724, 13.2044, 0), (30.8724, 13.2044, -0.1), (30.8724, 16.6444, 0), (30.8724, 16.7444, 0), (30.8724, 16.7444, -0.1), (30.8724, 16.6444, -0.1), (30.9724, 6.1739, 0), (30.9724, 11.4103, 0), (30.9724, 11.4103, -0.1), (30.9724, 6.1739, -0.1), (30.9724, 13.0403, 0), (30.9724, 13.0403, -0.1), (30.9724, 13.1403, 0), (30.9724, 13.1403, -0.1), (30.9724, 13.2044, 0), (30.9724, 13.2044, -0.1), (30.9724, 13.3044, 0), (30.8724, 13.3044, 0), (30.8724, 13.3044, -0.1), (30.9724, 13.3044, -0.1), (30.9724, 14.3044, 0), (30.8724, 14.3044, 0), (30.8724, 14.3044, -0.1), (30.9724, 14.3044, -0.1), (30.9724, 16.4803, 0), (30.8724, 16.4803, 0), (30.8724, 16.4803, -0.1), (30.9724, 16.4803, -0.1), (30.9724, 16.5803, 0), (30.8724, 16.5803, 0), (30.8724, 16.5803, -0.1), (30.9724, 16.5803, -0.1), (30.9724, 16.6444, 0), (30.9724, 16.6444, -0.1), (30.9724, 16.7444, 0), (30.9724, 16.7444, -0.1), (33.1692, 6.1739, 0), (33.1692, 11.4103, 0), (33.1692, 11.4103, -0.1), (33.1692, 6.1739, -0.1), (33.1692, 13.0403, 0), (33.1692, 13.0403, -0.1), (33.1692, 13.1403, 0), (33.1692, 13.1403, -0.1), (33.1692, 13.2044, 0), (33.1692, 13.2044, -0.1), (33.1692, 13.3044, 0), (33.1692, 13.3044, -0.1), (35.4492, 6.1739, 0), (35.4492, 11.4103, 0), (35.4492, 11.4103, -0.1), (35.4492, 6.1739, -0.1), (35.4492, 13.0403, 0), (35.4492, 13.0403, -0.1), (35.4492, 13.1403, 0), (35.4492, 13.1403, -0.1), (35.4492, 13.2044, 0), (35.4492, 13.2044, -0.1), (35.4492, 13.3044, 0), (35.4492, 13.3044, -0.1), (35.4492, 14.3044, 0), (33.1692, 14.3044, 0), (33.1692, 14.3044, -0.1), (35.4492, 14.3044, -0.1)]
    int[] faceVertexCounts = [4, 4, 4, 4, 4, 4, 4, 4, 4, 4, 4, 4, 4, 4, 4, 4, 4, 4, 4, 4, 4, 4, 4, 4, 4, 4, 4, 4, 4, 4, 4, 4, 4, 4, 4, 4, 4, 4, 4, 4, 4, 4, 4, 4, 4, 4, 4, 4, 4, 4, 4, 4, 4, 4, 4, 4, 4, 4, 4, 4, 4, 4, 4, 4, 4, 4, 4, 4, 4, 4, 4, 4, 4, 4, 4, 4, 4, 4, 4, 4, 4, 4, 4, 4, 4, 4, 4, 4, 4, 4, 4, 4, 4, 4, 4, 4, 4, 4, 4, 4, 4, 4, 4, 4, 4, 4, 4, 4, 4, 4, 4, 4, 4, 4, 4, 4, 4, 4, 4, 4, 4, 4, 4, 4, 4, 4, 4, 4, 4, 4, 4, 4, 4, 4, 4, 4, 4, 4, 4, 4, 4, 4, 4, 4, 4, 4, 4, 4, 4, 4, 4, 4, 4, 4, 4, 4, 4, 4, 4, 4, 4, 4, 4, 4, 4, 4, 4, 4, 4, 4, 4, 4, 4, 4, 4, 4, 4, 4, 4, 4, 4, 4, 4, 4, 4, 4, 4, 4, 4, 4, 4, 4, 4, 4, 4, 4, 4, 4, 4, 4, 4, 4, 4, 4, 4, 4, 4, 4, 4, 4, 4, 4, 4, 4, 4, 4, 4, 4, 4, 4, 4, 4, 4, 4, 4, 4, 4, 4, 4, 4, 4, 4, 4, 4, 4, 4, 4, 4, 4, 4, 4, 4, 4, 4, 4, 4, 4, 4, 4, 4, 4, 4, 4, 4, 4, 4, 4, 4, 4, 4, 4, 4, 4, 4, 4, 4, 4, 4, 4, 4, 4, 4, 4, 4, 4, 4, 4, 4, 4, 4]
    int[] faceVertexIndices = [0, 1, 2, 3, 4, 5, 6, 7, 7, 6, 1, 0, 4, 7, 0, 3, 3, 2, 8, 9, 10, 11, 5, 4, 11, 10, 9, 8, 10, 4, 3, 9, 1, 12, 13, 2, 5, 14, 15, 6, 6, 15, 12, 1, 2, 13, 16, 8, 11, 17, 14, 5, 14, 17, 16, 13, 8, 16, 18, 19, 20, 21, 17, 11, 17, 21, 18, 16, 20, 11, 8, 19, 19, 18, 22, 23, 24, 25, 21, 20, 21, 25, 22, 18, 24, 20, 19, 23, 23, 22, 26, 27, 28, 29, 25, 24, 25, 29, 26, 22, 28, 24, 23, 27, 27, 26, 30, 31, 32, 33, 29, 28, 29, 33, 30, 26, 32, 28, 27, 31, 31, 30, 34, 35, 36, 37, 33, 32, 37, 36, 35, 34, 36, 32, 31, 35, 12, 38, 39, 13, 14, 40, 41, 15, 15, 41, 38, 12, 40, 14, 13, 39, 30, 42, 43, 34, 37, 44, 45, 33, 33, 45, 42, 30, 44, 37, 34, 43, 46, 47, 48, 49, 50, 51, 52, 53, 53, 52, 47, 46, 50, 53, 46, 49, 49, 48, 54, 38, 41, 55, 51, 50, 41, 50, 49, 38, 38, 54, 56, 39, 40, 57, 55, 41, 57, 40, 39, 56, 42, 58, 59, 43, 44, 60, 61, 45, 45, 61, 58, 42, 60, 44, 43, 59, 47, 62, 63, 48, 51, 64, 65, 52, 52, 65, 62, 47, 48, 63, 66, 54, 55, 67, 64, 51, 54, 66, 68, 56, 57, 69, 67, 55, 56, 68, 70, 71, 72, 73, 69, 57, 72, 57, 56, 71, 71, 70, 74, 75, 76, 77, 73, 72, 73, 77, 74, 70, 76, 72, 71, 75, 75, 74, 78, 79, 80, 81, 77, 76, 77, 81, 78, 74, 80, 76, 75, 79, 79, 78, 82, 83, 84, 85, 81, 80, 81, 85, 82, 78, 84, 80, 79, 83, 83, 82, 86, 58, 61, 87, 85, 84, 85, 87, 86, 82, 61, 84, 83, 58, 58, 86, 88, 59, 60, 89, 87, 61, 87, 89, 88, 86, 89, 60, 59, 88, 62, 90, 91, 63, 64, 92, 93, 65, 65, 93, 90, 62, 63, 91, 94, 66, 67, 95, 92, 64, 66, 94, 96, 68, 69, 97, 95, 67, 68, 96, 98, 70, 73, 99, 97, 69, 99, 73, 70, 98, 90, 100, 101, 91, 92, 102, 103, 93, 93, 103, 100, 90, 91, 101, 104, 94, 95, 105, 102, 92, 94, 104, 106, 96, 97, 107, 105, 95, 96, 106, 108, 98, 99, 109, 107, 97, 98, 108, 110, 111, 112, 113, 109, 99, 112, 99, 98, 111, 111, 110, 114, 115, 116, 117, 113, 112, 116, 112, 111, 115, 115, 114, 118, 119, 120, 121, 117, 116, 117, 121, 118, 114, 120, 116, 115, 119, 119, 118, 122, 123, 124, 125, 121, 120, 121, 125, 122, 118, 124, 120, 119, 123, 123, 122, 126, 127, 128, 129, 125, 124, 125, 129, 126, 122, 128, 124, 123, 127, 127, 126, 130, 131, 132, 133, 129, 128, 129, 133, 130, 126, 132, 128, 127, 131, 131, 130, 134, 135, 136, 137, 133, 132, 133, 137, 134, 130, 136, 132, 131, 135, 135, 134, 138, 139, 140, 141, 137, 136, 137, 141, 138, 134, 141, 140, 139, 138, 140, 136, 135, 139, 100, 142, 143, 101, 102, 144, 145, 103, 103, 145, 142, 100, 101, 143, 146, 104, 105, 147, 144, 102, 104, 146, 148, 106, 107, 149, 147, 105, 106, 148, 150, 108, 109, 151, 149, 107, 108, 150, 152, 110, 113, 153, 151, 109, 110, 152, 154, 114, 117, 155, 153, 113, 155, 117, 114, 154, 142, 156, 157, 143, 144, 158, 159, 145, 145, 159, 156, 142, 143, 157, 160, 146, 147, 161, 158, 144, 146, 160, 162, 148, 149, 163, 161, 147, 148, 162, 164, 150, 151, 165, 163, 149, 150, 164, 166, 152, 153, 167, 165, 151, 152, 166, 168, 154, 155, 169, 167, 153, 167, 169, 168, 166, 154, 168, 170, 171, 172, 173, 169, 155, 169, 173, 170, 168, 172, 155, 154, 171, 171, 170, 174, 175, 176, 177, 173, 172, 173, 177, 174, 170, 176, 172, 171, 175, 175, 174, 178, 179, 180, 181, 177, 176, 177, 181, 178, 174, 180, 176, 175, 179, 179, 178, 182, 183, 184, 185, 181, 180, 181, 185, 182, 178, 184, 180, 179, 183, 183, 182, 186, 187, 188, 189, 185, 184, 189, 188, 187, 186, 188, 184, 183, 187, 156, 190, 191, 157, 158, 192, 193, 159, 159, 193, 190, 156, 193, 192, 191, 190, 157, 191, 194, 160, 161, 195, 192, 158, 160, 194, 196, 162, 163, 197, 195, 161, 162, 196, 198, 164, 165, 199, 197, 163, 164, 198, 200, 166, 167, 201, 199, 165, 201, 167, 166, 200, 182, 202, 203, 186, 189, 204, 205, 185, 185, 205, 202, 182, 204, 189, 186, 203, 191, 206, 207, 194, 195, 208, 209, 192, 192, 209, 206, 191, 194, 207, 210, 196, 197, 211, 208, 195, 196, 210, 212, 198, 199, 213, 211, 197, 198, 212, 214, 200, 201, 215, 213, 199, 215, 201, 200, 214, 202, 216, 217, 203, 204, 218, 219, 205, 205, 219, 216, 202, 218, 204, 203, 217, 206, 220, 221, 207, 208, 222, 223, 209, 209, 223, 220, 206, 207, 221, 224, 210, 211, 225, 222, 208, 210, 224, 226, 212, 213, 227, 225, 211, 212, 226, 228, 214, 215, 229, 227, 213, 214, 228, 230, 231, 232, 233, 229, 215, 232, 215, 214, 231, 231, 230, 234, 235, 236, 237, 233, 232, 233, 237, 234, 230, 236, 232, 231, 235, 235, 234, 238, 239, 240, 241, 237, 236, 237, 241, 238, 234, 240, 236, 235, 239, 239, 238, 242, 243, 244, 245, 241, 240, 241, 245, 242, 238, 244, 240, 239, 243, 243, 242, 246, 216, 219, 247, 245, 244, 245, 247, 246, 242, 219, 244, 243, 216, 216, 246, 248, 217, 218, 249, 247, 219, 247, 249, 248, 246, 249, 218, 217, 248, 220, 250, 251, 221, 222, 252, 253, 223, 223, 253, 250, 220, 221, 251, 254, 224, 225, 255, 252, 222, 224, 254, 256, 226, 227, 257, 255, 225, 226, 256, 258, 228, 229, 259, 257, 227, 228, 258, 260, 230, 233, 261, 259, 229, 261, 233, 230, 260, 250, 262, 263, 251, 252, 264, 265, 253, 253, 265, 262, 250, 265, 264, 263, 262, 251, 263, 266, 254, 255, 267, 264, 252, 264, 267, 266, 263, 254, 266, 268, 256, 257, 269, 267, 255, 267, 269, 268, 266, 256, 268, 270, 258, 259, 271, 269, 257, 269, 271, 270, 268, 258, 270, 272, 260, 261, 273, 271, 259, 271, 273, 272, 270, 260, 272, 274, 275, 276, 277, 273, 261, 273, 277, 274, 272, 277, 276, 275, 274, 276, 261, 260, 275]
    texCoord2f[] primvars:st = [(0.087, 11.4103), (15.5392, 11.4103), (15.5392, 13.0403), (0.087, 13.0403), (0.087, 13.0403), (15.5392, 13.0403), (15.5392, 11.4103), (0.087, 11.4103), (15.5392, 13.1403), (0.087, 13.1403), (0.087, 13.1403), (15.5392, 13.1403), (15.6392, 11.4103), (15.6392, 13.0403), (15.6392, 13.0403), (15.6392, 11.4103), (15.6392, 13.1403), (15.6392, 13.1403), (15.6392, 13.2044), (15.5392, 13.2044), (15.5392, 13.2044), (15.6392, 13.2044), (15.6392, 13.3044), (15.5392, 13.3044), (15.5392, 13.3044), (15.6392, 13.3044), (15.6392, 14.3044), (15.5392, 14.3044), (15.5392, 14.3044), (15.6392, 14.3044), (15.6392, 16.4803), (15.5392, 16.4803), (15.5392, 16.4803), (15.6392, 16.4803), (15.6392, 16.5803), (15.5392, 16.5803), (15.5392, 16.5803), (15.6392, 16.5803), (16.0145, 11.4103), (16.0145, 13.0403), (16.0145, 13.0403), (16.0145, 11.4103), (16.0145, 16.4803), (16.0145, 16.5803), (16.0145, 16.5803), (16.0145, 16.4803), (16.0145, 0.0435), (18.1392, 0.0435), (18.1392, 6.1739), (16.0145, 6.1739), (16.0145, 6.1739), (18.1392, 6.1739), (18.1392, 0.0435), (16.0145, 0.0435), (18.1392, 11.4103), (18.1392, 11.4103), (18.1392, 13.0403), (18.1392, 13.0403), (18.1392, 16.4803), (18.1392, 16.5803), (18.1392, 16.5803), (18.1392, 16.4803), (18.2392, 0.0435), (18.2392, 6.1739), (18.2392, 6.1739), (18.2392, 0.0435), (18.2392, 11.4103), (18.2392, 11.4103), (18.2392, 13.0403), (18.2392, 13.0403), (18.2392, 13.1403), (18.1392, 13.1403), (18.1392, 13.1403), (18.2392, 13.1403), (18.2392, 13.2044), (18.1392, 13.2044), (18.1392, 13.2044), (18.2392, 13.2044), (18.2392, 13.3044), (18.1392, 13.3044), (18.1392, 13.3044), (18.2392, 13.3044), (18.2392, 14.3044), (18.1392, 14.3044), (18.1392, 14.3044), (18.2392, 14.3044), (18.2392, 16.4803), (18.2392, 16.4803), (18.2392, 16.5803), (18.2392, 16.5803), (22.7392, 0.0435), (22.7392, 6.1739), (22.7392, 6.1739), (22.7392, 0.0435), (22.7392, 11.4103), (22.7392, 11.4103), (22.7392, 13.0403), (22.7392, 13.0403), (22.7392, 13.1403), (22.7392, 13.1403), (26.0724, 0.0435), (26.0724, 6.1739), (26.0724, 6.1739), (26.0724, 0.0435), (26.0724, 11.4103), (26.0724, 11.4103), (26.0724, 13.0403), (26.0724, 13.0403), (26.0724, 13.1403), (26.0724, 13.1403), (26.0724, 13.2044), (22.7392, 13.2044), (22.7392, 13.2044), (26.0724, 13.2044), (26.0724, 13.3044), (22.7392, 13.3044), (22.7392, 13.3044), (26.0724, 13.3044), (26.0724, 14.3044), (22.7392, 14.3044), (22.7392, 14.3044), (26.0724, 14.3044), (26.0724, 16.4803), (22.7392, 16.4803), (22.7392, 16.4803), (26.0724, 16.4803), (26.0724, 16.5803), (22.7392, 16.5803), (22.7392, 16.5803), (26.0724, 16.5803), (26.0724, 16.6444), (22.7392, 16.6444), (22.7392, 16.6444), (26.0724, 16.6444), (26.0724, 16.7444), (22.7392, 16.7444), (22.7392, 16.7444), (26.0724, 16.7444), (26.0724, 20.7246), (22.7392, 20.7246), (22.7392, 20.7246), (26.0724, 20.7246), (28.2724, 0.0435), (28.2724, 6.1739), (28.2724, 6.1739), (28.2724, 0.0435), (28.2724, 11.4103), (28.2724, 11.4103), (28.2724, 13.0403), (28.2724, 13.0403), (28.2724, 13.1403), (28.2724, 13.1403), (28.2724, 13.2044), (28.2724, 13.2044), (28.2724, 13.3044), (28.2724, 13.3044), (28.3724, 0.0435), (28.3724, 6.1739), (28.3724, 6.1739), (28.3724, 0.0435), (28.3724, 11.4103), (28.3724, 11.4103), (28.3724, 13.0403), (28.3724, 13.0403), (28.3724, 13.1403), (28.3724, 13.1403), (28.3724, 13.2044), (28.3724, 13.2044), (28.3724, 13.3044), (28.3724, 13.3044), (28.3724, 14.3044), (28.2724, 14.3044), (28.2724, 14.3044), (28.3724, 14.3044), (28.3724, 16.4803), (28.2724, 16.4803), (28.2724, 16.4803), (28.3724, 16.4803), (28.3724, 16.5803), (28.2724, 16.5803), (28.2724, 16.5803), (28.3724, 16.5803), (28.3724, 16.6444), (28.2724, 16.6444), (28.2724, 16.6444), (28.3724, 16.6444), (28.3724, 16.7444), (28.2724, 16.7444), (28.2724, 16.7444), (28.3724, 16.7444), (30.7536, 0.0435), (30.7536, 6.1739), (30.7536, 6.1739), (30.7536, 0.0435), (30.7536, 11.4103), (30.7536, 11.4103), (30.7536, 13.0403), (30.7536, 13.0403), (30.7536, 13.1403), (30.7536, 13.1403), (30.7536, 13.2044), (30.7536, 13.2044), (30.7536, 16.6444), (30.7536, 16.7444), (30.7536, 16.7444), (30.7536, 16.6444), (30.8724, 6.1739), (30.8724, 11.4103), (30.8724, 11.4103), (30.8724, 6.1739), (30.8724, 13.0403), (30.8724, 13.0403), (30.8724, 13.1403), (30.8724, 13.1403), (30.8724, 13.2044), (30.8724, 13.2044), (30.8724, 16.6444), (30.8724, 16.7444), (30.8724, 16.7444), (30.8724, 16.6444), (30.9724, 6.1739), (30.9724, 11.4103), (30.9724, 11.4103), (30.9724, 6.1739), (30.9724, 13.0403), (30.9724, 13.0403), (30.9724, 13.1403), (30.9724, 13.1403), (30.9724, 13.2044), (30.9724, 13.2044), (30.9724, 13.3044), (30.8724, 13.3044), (30.8724, 13.3044), (30.9724, 13.3044), (30.9724, 14.3044), (30.8724, 14.3044), (30.8724, 14.3044), (30.9724, 14.3044), (30.9724, 16.4803), (30.8724, 16.4803), (30.8724, 16.4803), (30.9724, 16.4803), (30.9724, 16.5803), (30.8724, 16.5803), (30.8724, 16.5803), (30.9724, 16.5803), (30.9724, 16.6444), (30.9724, 16.6444), (30.9724, 16.7444), (30.9724, 16.7444), (33.1692, 6.1739), (33.1692, 11.4103), (33.1692, 11.4103), (33.1692, 6.1739), (33.1692, 13.0403), (33.1692, 13.0403), (33.1692, 13.1403), (33.1692, 13.1403), (33.1692, 13.2044), (33.1692, 13.2044), (33.1692, 13.3044), (33.1692, 13.3044), (35.4492, 6.1739), (35.4492, 11.4103), (35.4492, 11.4103), (35.4492, 6.1739), (35.4492, 13.0403), (35.4492, 13.0403), (35.4492, 13.1403), (35.4492, 13.1403), (35.4492, 13.2044), (35.4492, 13.2044), (35.4492, 13.3044), (35.4492, 13.3044), (35.4492, 14.3044), (33.1692, 14.3044), (33.1692, 14.3044), (35.4492, 14.3044)]
    uniform token primvars:st:interpolation = "vertex"
    uniform token subdivisionScheme = "none"
    custom bool cbnu:stairOpening = true
}
over "Ceiling"
{
    point3f[] points = [(0.087, 11.4103, 3.1), (15.5392, 11.4103, 3.1), (15.5392, 13.0403, 3.1), (0.087, 13.0403, 3.1), (0.087, 13.0403, 3), (15.5392, 13.0403, 3), (15.5392, 11.4103, 3), (0.087, 11.4103, 3), (15.5392, 13.1403, 3.1), (0.087, 13.1403, 3.1), (0.087, 13.1403, 3), (15.5392, 13.1403, 3), (15.6392, 11.4103, 3.1), (15.6392, 13.0403, 3.1), (15.6392, 13.0403, 3), (15.6392, 11.4103, 3), (15.6392, 13.1403, 3.1), (15.6392, 13.1403, 3), (15.6392, 13.2044, 3.1), (15.5392, 13.2044, 3.1), (15.5392, 13.2044, 3), (15.6392, 13.2044, 3), (15.6392, 13.3044, 3.1), (15.5392, 13.3044, 3.1), (15.5392, 13.3044, 3), (15.6392, 13.3044, 3), (15.6392, 14.3044, 3.1), (15.5392, 14.3044, 3.1), (15.5392, 14.3044, 3), (15.6392, 14.3044, 3), (15.6392, 16.4803, 3.1), (15.5392, 16.4803, 3.1), (15.5392, 16.4803, 3), (15.6392, 16.4803, 3), (15.6392, 16.5803, 3.1), (15.5392, 16.5803, 3.1), (15.5392, 16.5803, 3), (15.6392, 16.5803, 3), (16.0145, 11.4103, 3.1), (16.0145, 13.0403, 3.1), (16.0145, 13.0403, 3), (16.0145, 11.4103, 3), (16.0145, 13.1403, 3.1), (16.0145, 13.1403, 3), (16.0145, 13.2044, 3.1), (16.0145, 13.2044, 3), (16.0145, 13.3044, 3.1), (16.0145, 13.3044, 3), (16.0145, 14.3044, 3.1), (16.0145, 14.3044, 3), (16.0145, 16.4803, 3.1), (16.0145, 16.4803, 3), (16.0145, 16.5803, 3.1), (16.0145, 16.5803, 3), (16.0145, 0.0435, 3.1), (18.1392, 0.0435, 3.1), (18.1392, 6.1739, 3.1), (16.0145, 6.1739, 3.1), (16.0145, 6.1739, 3), (18.1392, 6.1739, 3), (18.1392, 0.0435, 3), (16.0145, 0.0435, 3), (18.1392, 11.4103, 3.1), (18.1392, 11.4103, 3), (18.1392, 13.0403, 3.1), (18.1392, 13.0403, 3), (18.1392, 13.1403, 3.1), (18.1392, 13.1403, 3), (18.1392, 13.2044, 3.1), (18.1392, 13.2044, 3), (18.1392, 13.3044, 3.1), (18.1392, 13.3044, 3), (18.1392, 14.3044, 3.1), (18.1392, 14.3044, 3), (18.1392, 16.4803, 3.1), (18.1392, 16.4803, 3), (18.1392, 16.5803, 3.1), (18.1392, 16.5803, 3), (18.2392, 0.0435, 3.1), (18.2392, 6.1739, 3.1), (18.2392, 6.1739, 3), (18.2392, 0.0435, 3), (18.2392, 11.4103, 3.1), (18.2392, 11.4103, 3), (18.2392, 13.0403, 3.1), (18.2392, 13.0403, 3), (18.2392, 13.1403, 3.1), (18.2392, 13.1403, 3), (18.2392, 13.2044, 3.1), (18.2392, 13.2044, 3), (18.2392, 13.3044, 3.1), (18.2392, 13.3044, 3), (18.2392, 14.3044, 3.1), (18.2392, 14.3044, 3), (18.2392, 16.4803, 3.1), (18.2392, 16.4803, 3), (18.2392, 16.5803, 3.1), (18.2392, 16.5803, 3), (22.7392, 0.0435, 3.1), (22.7392, 6.1739, 3.1), (22.7392, 6.1739, 3), (22.7392, 0.0435, 3), (22.7392, 11.4103, 3.1), (22.7392, 11.4103, 3), (22.7392, 13.0403, 3.1), (22.7392, 13.0403, 3), (22.7392, 13.1403, 3.1), (22.7392, 13.1403, 3), (26.0724, 0.0435, 3.1), (26.0724, 6.1739, 3.1), (26.0724, 6.1739, 3), (26.0724, 0.0435, 3), (26.0724, 11.4103, 3.1), (26.0724, 11.4103, 3), (26.0724, 13.0403, 3.1), (26.0724, 13.0403, 3), (26.0724, 13.1403, 3.1), (26.0724, 13.1403, 3), (26.0724, 13.2044, 3.1), (22.7392, 13.2044, 3.1), (22.7392, 13.2044, 3), (26.0724, 13.2044, 3), (26.0724, 13.3044, 3.1), (22.7392, 13.3044, 3.1), (22.7392, 13.3044, 3), (26.0724, 13.3044, 3), (26.0724, 14.3044, 3.1), (22.7392, 14.3044, 3.1), (22.7392, 14.3044, 3), (26.0724, 14.3044, 3), (26.0724, 16.4803, 3.1), (22.7392, 16.4803, 3.1), (22.7392, 16.4803, 3), (26.0724, 16.4803, 3), (26.0724, 16.5803, 3.1), (22.7392, 16.5803, 3.1), (22.7392, 16.5803, 3), (26.0724, 16.5803, 3), (26.0724, 16.6444, 3.1), (22.7392, 16.6444, 3.1), (22.7392, 16.6444, 3), (26.0724, 16.6444, 3), (26.0724, 16.7444, 3.1), (22.7392, 16.7444, 3.1), (22.7392, 16.7444, 3), (26.0724, 16.7444, 3), (26.0724, 20.7246, 3.1), (22.7392, 20.7246, 3.1), (22.7392, 20.7246, 3), (26.0724, 20.7246, 3), (28.2724, 0.0435, 3.1), (28.2724, 6.1739, 3.1), (28.2724, 6.1739, 3), (28.2724, 0.0435, 3), (28.2724, 11.4103, 3.1), (28.2724, 11.4103, 3), (28.2724, 13.0403, 3.1), (28.2724, 13.0403, 3), (28.2724, 13.1403, 3.1), (28.2724, 13.1403, 3), (28.2724, 13.2044, 3.1), (28.2724, 13.2044, 3), (28.2724, 13.3044, 3.1), (28.2724, 13.3044, 3), (28.3724, 0.0435, 3.1), (28.3724, 6.1739, 3.1), (28.3724, 6.1739, 3), (28.3724, 0.0435, 3), (28.3724, 11.4103, 3.1), (28.3724, 11.4103, 3), (28.3724, 13.0403, 3.1), (28.3724, 13.0403, 3), (28.3724, 13.1403, 3.1), (28.3724, 13.1403, 3), (28.3724, 13.2044, 3.1), (28.3724, 13.2044, 3), (28.3724, 13.3044, 3.1), (28.3724, 13.3044, 3), (28.3724, 14.3044, 3.1), (28.2724, 14.3044, 3.1), (28.2724, 14.3044, 3), (28.3724, 14.3044, 3), (28.3724, 16.4803, 3.1), (28.2724, 16.4803, 3.1), (28.2724, 16.4803, 3), (28.3724, 16.4803, 3), (28.3724, 16.5803, 3.1), (28.2724, 16.5803, 3.1), (28.2724, 16.5803, 3), (28.3724, 16.5803, 3), (28.3724, 16.6444, 3.1), (28.2724, 16.6444, 3.1), (28.2724, 16.6444, 3), (28.3724, 16.6444, 3), (28.3724, 16.7444, 3.1), (28.2724, 16.7444, 3.1), (28.2724, 16.7444, 3), (28.3724, 16.7444, 3), (30.7536, 0.0435, 3.1), (30.7536, 6.1739, 3.1), (30.7536, 6.1739, 3), (30.7536, 0.0435, 3), (30.7536, 11.4103, 3.1), (30.7536, 11.4103, 3), (30.7536, 13.0403, 3.1), (30.7536, 13.0403, 3), (30.7536, 13.1403, 3.1), (30.7536, 13.1403, 3), (30.7536, 13.2044, 3.1), (30.7536, 13.2044, 3), (30.7536, 13.3044, 3.1), (30.7536, 13.3044, 3), (30.7536, 14.3044, 3.1), (30.7536, 14.3044, 3), (30.7536, 16.4803, 3.1), (30.7536, 16.4803, 3), (30.7536, 16.5803, 3.1), (30.7536, 16.5803, 3), (30.7536, 16.6444, 3.1), (30.7536, 16.6444, 3), (30.7536, 16.7444, 3.1), (30.7536, 16.7444, 3), (30.8724, 6.1739, 3.1), (30.8724, 11.4103, 3.1), (30.8724, 11.4103, 3), (30.8724, 6.1739, 3), (30.8724, 13.0403, 3.1), (30.8724, 13.0403, 3), (30.8724, 13.1403, 3.1), (30.8724, 13.1403, 3), (30.8724, 13.2044, 3.1), (30.8724, 13.2044, 3), (30.8724, 13.3044, 3.1), (30.8724, 13.3044, 3), (30.8724, 14.3044, 3.1), (30.8724, 14.3044, 3), (30.8724, 16.4803, 3.1), (30.8724, 16.4803, 3), (30.8724, 16.5803, 3.1), (30.8724, 16.5803, 3), (30.8724, 16.6444, 3.1), (30.8724, 16.6444, 3), (30.8724, 16.7444, 3.1), (30.8724, 16.7444, 3), (30.9724, 6.1739, 3.1), (30.9724, 11.4103, 3.1), (30.9724, 11.4103, 3), (30.9724, 6.1739, 3), (30.9724, 13.0403, 3.1), (30.9724, 13.0403, 3), (30.9724, 13.1403, 3.1), (30.9724, 13.1403, 3), (30.9724, 13.2044, 3.1), (30.9724, 13.2044, 3), (30.9724, 13.3044, 3.1), (30.9724, 13.3044, 3), (30.9724, 14.3044, 3.1), (30.9724, 14.3044, 3), (30.9724, 16.4803, 3.1), (30.9724, 16.4803, 3), (30.9724, 16.5803, 3.1), (30.9724, 16.5803, 3), (30.9724, 16.6444, 3.1), (30.9724, 16.6444, 3), (30.9724, 16.7444, 3.1), (30.9724, 16.7444, 3), (33.1692, 6.1739, 3.1), (33.1692, 11.4103, 3.1), (33.1692, 11.4103, 3), (33.1692, 6.1739, 3), (33.1692, 13.0403, 3.1), (33.1692, 13.0403, 3), (33.1692, 13.1403, 3.1), (33.1692, 13.1403, 3), (33.1692, 13.2044, 3.1), (33.1692, 13.2044, 3), (33.1692, 13.3044, 3.1), (33.1692, 13.3044, 3), (35.4492, 6.1739, 3.1), (35.4492, 11.4103, 3.1), (35.4492, 11.4103, 3), (35.4492, 6.1739, 3), (35.4492, 13.0403, 3.1), (35.4492, 13.0403, 3), (35.4492, 13.1403, 3.1), (35.4492, 13.1403, 3), (35.4492, 13.2044, 3.1), (35.4492, 13.2044, 3), (35.4492, 13.3044, 3.1), (35.4492, 13.3044, 3), (35.4492, 14.3044, 3.1), (33.1692, 14.3044, 3.1), (33.1692, 14.3044, 3), (35.4492, 14.3044, 3)]
    int[] faceVertexCounts = [4, 4, 4, 4, 4, 4, 4, 4, 4, 4, 4, 4, 4, 4, 4, 4, 4, 4, 4, 4, 4, 4, 4, 4, 4, 4, 4, 4, 4, 4, 4, 4, 4, 4, 4, 4, 4, 4, 4, 4, 4, 4, 4, 4, 4, 4, 4, 4, 4, 4, 4, 4, 4, 4, 4, 4, 4, 4, 4, 4, 4, 4, 4, 4, 4, 4, 4, 4, 4, 4, 4, 4, 4, 4, 4, 4, 4, 4, 4, 4, 4, 4, 4, 4, 4, 4, 4, 4, 4, 4, 4, 4, 4, 4, 4, 4, 4, 4, 4, 4, 4, 4, 4, 4, 4, 4, 4, 4, 4, 4, 4, 4, 4, 4, 4, 4, 4, 4, 4, 4, 4, 4, 4, 4, 4, 4, 4, 4, 4, 4, 4, 4, 4, 4, 4, 4, 4, 4, 4, 4, 4, 4, 4, 4, 4, 4, 4, 4, 4, 4, 4, 4, 4, 4, 4, 4, 4, 4, 4, 4, 4, 4, 4, 4, 4, 4, 4, 4, 4, 4, 4, 4, 4, 4, 4, 4, 4, 4, 4, 4, 4, 4, 4, 4, 4, 4, 4, 4, 4, 4, 4, 4, 4, 4, 4, 4, 4, 4, 4, 4, 4, 4, 4, 4, 4, 4, 4, 4, 4, 4, 4, 4, 4, 4, 4, 4, 4, 4, 4, 4, 4, 4, 4, 4, 4, 4, 4, 4, 4, 4, 4, 4, 4, 4, 4, 4, 4, 4, 4, 4, 4, 4, 4, 4, 4, 4, 4, 4, 4, 4, 4, 4, 4, 4, 4, 4, 4, 4, 4, 4, 4, 4, 4, 4, 4, 4, 4, 4, 4, 4, 4, 4, 4, 4, 4, 4, 4, 4, 4, 4, 4, 4, 4, 4, 4, 4, 4, 4, 4, 4, 4, 4]
    int[] faceVertexIndices = [0, 1, 2, 3, 4, 5, 6, 7, 7, 6, 1, 0, 4, 7, 0, 3, 3, 2, 8, 9, 10, 11, 5, 4, 11, 10, 9, 8, 10, 4, 3, 9, 1, 12, 13, 2, 5, 14, 15, 6, 6, 15, 12, 1, 2, 13, 16, 8, 11, 17, 14, 5, 8, 16, 18, 19, 20, 21, 17, 11, 20, 11, 8, 19, 19, 18, 22, 23, 24, 25, 21, 20, 24, 20, 19, 23, 23, 22, 26, 27, 28, 29, 25, 24, 28, 24, 23, 27, 27, 26, 30, 31, 32, 33, 29, 28, 32, 28, 27, 31, 31, 30, 34, 35, 36, 37, 33, 32, 37, 36, 35, 34, 36, 32, 31, 35, 12, 38, 39, 13, 14, 40, 41, 15, 15, 41, 38, 12, 13, 39, 42, 16, 17, 43, 40, 14, 16, 42, 44, 18, 21, 45, 43, 17, 18, 44, 46, 22, 25, 47, 45, 21, 22, 46, 48, 26, 29, 49, 47, 25, 26, 48, 50, 30, 33, 51, 49, 29, 30, 50, 52, 34, 37, 53, 51, 33, 53, 37, 34, 52, 54, 55, 56, 57, 58, 59, 60, 61, 61, 60, 55, 54, 58, 61, 54, 57, 57, 56, 62, 38, 41, 63, 59, 58, 41, 58, 57, 38, 38, 62, 64, 39, 40, 65, 63, 41, 39, 64, 66, 42, 43, 67, 65, 40, 42, 66, 68, 44, 45, 69, 67, 43, 44, 68, 70, 46, 47, 71, 69, 45, 46, 70, 72, 48, 49, 73, 71, 47, 48, 72, 74, 50, 51, 75, 73, 49, 50, 74, 76, 52, 53, 77, 75, 51, 77, 53, 52, 76, 55, 78, 79, 56, 59, 80, 81, 60, 60, 81, 78, 55, 56, 79, 82, 62, 63, 83, 80, 59, 62, 82, 84, 64, 65, 85, 83, 63, 64, 84, 86, 66, 67, 87, 85, 65, 66, 86, 88, 68, 69, 89, 87, 67, 87, 89, 88, 86, 68, 88, 90, 70, 71, 91, 89, 69, 89, 91, 90, 88, 70, 90, 92, 72, 73, 93, 91, 71, 91, 93, 92, 90, 72, 92, 94, 74, 75, 95, 93, 73, 93, 95, 94, 92, 74, 94, 96, 76, 77, 97, 95, 75, 95, 97, 96, 94, 97, 77, 76, 96, 78, 98, 99, 79, 80, 100, 101, 81, 81, 101, 98, 78, 79, 99, 102, 82, 83, 103, 100, 80, 82, 102, 104, 84, 85, 105, 103, 83, 84, 104, 106, 86, 87, 107, 105, 85, 107, 87, 86, 106, 98, 108, 109, 99, 100, 110, 111, 101, 101, 111, 108, 98, 99, 109, 112, 102, 103, 113, 110, 100, 102, 112, 114, 104, 105, 115, 113, 103, 104, 114, 116, 106, 107, 117, 115, 105, 106, 116, 118, 119, 120, 121, 117, 107, 120, 107, 106, 119, 119, 118, 122, 123, 124, 125, 121, 120, 124, 120, 119, 123, 123, 122, 126, 127, 128, 129, 125, 124, 125, 129, 126, 122, 128, 124, 123, 127, 127, 126, 130, 131, 132, 133, 129, 128, 129, 133, 130, 126, 132, 128, 127, 131, 131, 130, 134, 135, 136, 137, 133, 132, 133, 137, 134, 130, 136, 132, 131, 135, 135, 134, 138, 139, 140, 141, 137, 136, 137, 141, 138, 134, 140, 136, 135, 139, 139, 138, 142, 143, 144, 145, 141, 140, 141, 145, 142, 138, 144, 140, 139, 143, 143, 142, 146, 147, 148, 149, 145, 144, 145, 149, 146, 142, 149, 148, 147, 146, 148, 144, 143, 147, 108, 150, 151, 109, 110, 152, 153, 111, 111, 153, 150, 108, 109, 151, 154, 112, 113, 155, 152, 110, 112, 154, 156, 114, 115, 157, 155, 113, 114, 156, 158, 116, 117, 159, 157, 115, 116, 158, 160, 118, 121, 161, 159, 117, 118, 160, 162, 122, 125, 163, 161, 121, 163, 125, 122, 162, 150, 164, 165, 151, 152, 166, 167, 153, 153, 167, 164, 150, 151, 165, 168, 154, 155, 169, 166, 152, 154, 168, 170, 156, 157, 171, 169, 155, 156, 170, 172, 158, 159, 173, 171, 157, 158, 172, 174, 160, 161, 175, 173, 159, 160, 174, 176, 162, 163, 177, 175, 161, 162, 176, 178, 179, 180, 181, 177, 163, 180, 163, 162, 179, 179, 178, 182, 183, 184, 185, 181, 180, 184, 180, 179, 183, 183, 182, 186, 187, 188, 189, 185, 184, 188, 184, 183, 187, 187, 186, 190, 191, 192, 193, 189, 188, 192, 188, 187, 191, 191, 190, 194, 195, 196, 197, 193, 192, 197, 196, 195, 194, 196, 192, 191, 195, 164, 198, 199, 165, 166, 200, 201, 167, 167, 201, 198, 164, 201, 200, 199, 198, 165, 199, 202, 168, 169, 203, 200, 166, 168, 202, 204, 170, 171, 205, 203, 169, 170, 204, 206, 172, 173, 207, 205, 171, 172, 206, 208, 174, 175, 209, 207, 173, 174, 208, 210, 176, 177, 211, 209, 175, 176, 210, 212, 178, 181, 213, 211, 177, 178, 212, 214, 182, 185, 215, 213, 181, 182, 214, 216, 186, 189, 217, 215, 185, 186, 216, 218, 190, 193, 219, 217, 189, 190, 218, 220, 194, 197, 221, 219, 193, 221, 197, 194, 220, 199, 222, 223, 202, 203, 224, 225, 200, 200, 225, 222, 199, 202, 223, 226, 204, 205, 227, 224, 203, 204, 226, 228, 206, 207, 229, 227, 205, 206, 228, 230, 208, 209, 231, 229, 207, 208, 230, 232, 210, 211, 233, 231, 209, 210, 232, 234, 212, 213, 235, 233, 211, 212, 234, 236, 214, 215, 237, 235, 213, 214, 236, 238, 216, 217, 239, 237, 215, 216, 238, 240, 218, 219, 241, 239, 217, 218, 240, 242, 220, 221, 243, 241, 219, 243, 221, 220, 242, 222, 244, 245, 223, 224, 246, 247, 225, 225, 247, 244, 222, 223, 245, 248, 226, 227, 249, 246, 224, 226, 248, 250, 228, 229, 251, 249, 227, 228, 250, 252, 230, 231, 253, 251, 229, 230, 252, 254, 232, 233, 255, 253, 231, 232, 254, 256, 234, 235, 257, 255, 233, 255, 257, 256, 254, 234, 256, 258, 236, 237, 259, 257, 235, 257, 259, 258, 256, 236, 258, 260, 238, 239, 261, 259, 237, 259, 261, 260, 258, 238, 260, 262, 240, 241, 263, 261, 239, 261, 263, 262, 260, 240, 262, 264, 242, 243, 265, 263, 241, 263, 265, 264, 262, 265, 243, 242, 264, 244, 266, 267, 245, 246, 268, 269, 247, 247, 269, 266, 244, 245, 267, 270, 248, 249, 271, 268, 246, 248, 270, 272, 250, 251, 273, 271, 249, 250, 272, 274, 252, 253, 275, 273, 251, 252, 274, 276, 254, 255, 277, 275, 253, 277, 255, 254, 276, 266, 278, 279, 267, 268, 280, 281, 269, 269, 281, 278, 266, 281, 280, 279, 278, 267, 279, 282, 270, 271, 283, 280, 268, 280, 283, 282, 279, 270, 282, 284, 272, 273, 285, 283, 271, 283, 285, 284, 282, 272, 284, 286, 274, 275, 287, 285, 273, 285, 287, 286, 284, 274, 286, 288, 276, 277, 289, 287, 275, 287, 289, 288, 286, 276, 288, 290, 291, 292, 293, 289, 277, 289, 293, 290, 288, 293, 292, 291, 290, 292, 277, 276, 291]
    texCoord2f[] primvars:st = [(0.087, 11.4103), (15.5392, 11.4103), (15.5392, 13.0403), (0.087, 13.0403), (0.087, 13.0403), (15.5392, 13.0403), (15.5392, 11.4103), (0.087, 11.4103), (15.5392, 13.1403), (0.087, 13.1403), (0.087, 13.1403), (15.5392, 13.1403), (15.6392, 11.4103), (15.6392, 13.0403), (15.6392, 13.0403), (15.6392, 11.4103), (15.6392, 13.1403), (15.6392, 13.1403), (15.6392, 13.2044), (15.5392, 13.2044), (15.5392, 13.2044), (15.6392, 13.2044), (15.6392, 13.3044), (15.5392, 13.3044), (15.5392, 13.3044), (15.6392, 13.3044), (15.6392, 14.3044), (15.5392, 14.3044), (15.5392, 14.3044), (15.6392, 14.3044), (15.6392, 16.4803), (15.5392, 16.4803), (15.5392, 16.4803), (15.6392, 16.4803), (15.6392, 16.5803), (15.5392, 16.5803), (15.5392, 16.5803), (15.6392, 16.5803), (16.0145, 11.4103), (16.0145, 13.0403), (16.0145, 13.0403), (16.0145, 11.4103), (16.0145, 13.1403), (16.0145, 13.1403), (16.0145, 13.2044), (16.0145, 13.2044), (16.0145, 13.3044), (16.0145, 13.3044), (16.0145, 14.3044), (16.0145, 14.3044), (16.0145, 16.4803), (16.0145, 16.4803), (16.0145, 16.5803), (16.0145, 16.5803), (16.0145, 0.0435), (18.1392, 0.0435), (18.1392, 6.1739), (16.0145, 6.1739), (16.0145, 6.1739), (18.1392, 6.1739), (18.1392, 0.0435), (16.0145, 0.0435), (18.1392, 11.4103), (18.1392, 11.4103), (18.1392, 13.0403), (18.1392, 13.0403), (18.1392, 13.1403), (18.1392, 13.1403), (18.1392, 13.2044), (18.1392, 13.2044), (18.1392, 13.3044), (18.1392, 13.3044), (18.1392, 14.3044), (18.1392, 14.3044), (18.1392, 16.4803), (18.1392, 16.4803), (18.1392, 16.5803), (18.1392, 16.5803), (18.2392, 0.0435), (18.2392, 6.1739), (18.2392, 6.1739), (18.2392, 0.0435), (18.2392, 11.4103), (18.2392, 11.4103), (18.2392, 13.0403), (18.2392, 13.0403), (18.2392, 13.1403), (18.2392, 13.1403), (18.2392, 13.2044), (18.2392, 13.2044), (18.2392, 13.3044), (18.2392, 13.3044), (18.2392, 14.3044), (18.2392, 14.3044), (18.2392, 16.4803), (18.2392, 16.4803), (18.2392, 16.5803), (18.2392, 16.5803), (22.7392, 0.0435), (22.7392, 6.1739), (22.7392, 6.1739), (22.7392, 0.0435), (22.7392, 11.4103), (22.7392, 11.4103), (22.7392, 13.0403), (22.7392, 13.0403), (22.7392, 13.1403), (22.7392, 13.1403), (26.0724, 0.0435), (26.0724, 6.1739), (26.0724, 6.1739), (26.0724, 0.0435), (26.0724, 11.4103), (26.0724, 11.4103), (26.0724, 13.0403), (26.0724, 13.0403), (26.0724, 13.1403), (26.0724, 13.1403), (26.0724, 13.2044), (22.7392, 13.2044), (22.7392, 13.2044), (26.0724, 13.2044), (26.0724, 13.3044), (22.7392, 13.3044), (22.7392, 13.3044), (26.0724, 13.3044), (26.0724, 14.3044), (22.7392, 14.3044), (22.7392, 14.3044), (26.0724, 14.3044), (26.0724, 16.4803), (22.7392, 16.4803), (22.7392, 16.4803), (26.0724, 16.4803), (26.0724, 16.5803), (22.7392, 16.5803), (22.7392, 16.5803), (26.0724, 16.5803), (26.0724, 16.6444), (22.7392, 16.6444), (22.7392, 16.6444), (26.0724, 16.6444), (26.0724, 16.7444), (22.7392, 16.7444), (22.7392, 16.7444), (26.0724, 16.7444), (26.0724, 20.7246), (22.7392, 20.7246), (22.7392, 20.7246), (26.0724, 20.7246), (28.2724, 0.0435), (28.2724, 6.1739), (28.2724, 6.1739), (28.2724, 0.0435), (28.2724, 11.4103), (28.2724, 11.4103), (28.2724, 13.0403), (28.2724, 13.0403), (28.2724, 13.1403), (28.2724, 13.1403), (28.2724, 13.2044), (28.2724, 13.2044), (28.2724, 13.3044), (28.2724, 13.3044), (28.3724, 0.0435), (28.3724, 6.1739), (28.3724, 6.1739), (28.3724, 0.0435), (28.3724, 11.4103), (28.3724, 11.4103), (28.3724, 13.0403), (28.3724, 13.0403), (28.3724, 13.1403), (28.3724, 13.1403), (28.3724, 13.2044), (28.3724, 13.2044), (28.3724, 13.3044), (28.3724, 13.3044), (28.3724, 14.3044), (28.2724, 14.3044), (28.2724, 14.3044), (28.3724, 14.3044), (28.3724, 16.4803), (28.2724, 16.4803), (28.2724, 16.4803), (28.3724, 16.4803), (28.3724, 16.5803), (28.2724, 16.5803), (28.2724, 16.5803), (28.3724, 16.5803), (28.3724, 16.6444), (28.2724, 16.6444), (28.2724, 16.6444), (28.3724, 16.6444), (28.3724, 16.7444), (28.2724, 16.7444), (28.2724, 16.7444), (28.3724, 16.7444), (30.7536, 0.0435), (30.7536, 6.1739), (30.7536, 6.1739), (30.7536, 0.0435), (30.7536, 11.4103), (30.7536, 11.4103), (30.7536, 13.0403), (30.7536, 13.0403), (30.7536, 13.1403), (30.7536, 13.1403), (30.7536, 13.2044), (30.7536, 13.2044), (30.7536, 13.3044), (30.7536, 13.3044), (30.7536, 14.3044), (30.7536, 14.3044), (30.7536, 16.4803), (30.7536, 16.4803), (30.7536, 16.5803), (30.7536, 16.5803), (30.7536, 16.6444), (30.7536, 16.6444), (30.7536, 16.7444), (30.7536, 16.7444), (30.8724, 6.1739), (30.8724, 11.4103), (30.8724, 11.4103), (30.8724, 6.1739), (30.8724, 13.0403), (30.8724, 13.0403), (30.8724, 13.1403), (30.8724, 13.1403), (30.8724, 13.2044), (30.8724, 13.2044), (30.8724, 13.3044), (30.8724, 13.3044), (30.8724, 14.3044), (30.8724, 14.3044), (30.8724, 16.4803), (30.8724, 16.4803), (30.8724, 16.5803), (30.8724, 16.5803), (30.8724, 16.6444), (30.8724, 16.6444), (30.8724, 16.7444), (30.8724, 16.7444), (30.9724, 6.1739), (30.9724, 11.4103), (30.9724, 11.4103), (30.9724, 6.1739), (30.9724, 13.0403), (30.9724, 13.0403), (30.9724, 13.1403), (30.9724, 13.1403), (30.9724, 13.2044), (30.9724, 13.2044), (30.9724, 13.3044), (30.9724, 13.3044), (30.9724, 14.3044), (30.9724, 14.3044), (30.9724, 16.4803), (30.9724, 16.4803), (30.9724, 16.5803), (30.9724, 16.5803), (30.9724, 16.6444), (30.9724, 16.6444), (30.9724, 16.7444), (30.9724, 16.7444), (33.1692, 6.1739), (33.1692, 11.4103), (33.1692, 11.4103), (33.1692, 6.1739), (33.1692, 13.0403), (33.1692, 13.0403), (33.1692, 13.1403), (33.1692, 13.1403), (33.1692, 13.2044), (33.1692, 13.2044), (33.1692, 13.3044), (33.1692, 13.3044), (35.4492, 6.1739), (35.4492, 11.4103), (35.4492, 11.4103), (35.4492, 6.1739), (35.4492, 13.0403), (35.4492, 13.0403), (35.4492, 13.1403), (35.4492, 13.1403), (35.4492, 13.2044), (35.4492, 13.2044), (35.4492, 13.3044), (35.4492, 13.3044), (35.4492, 14.3044), (33.1692, 14.3044), (33.1692, 14.3044), (35.4492, 14.3044)]
    uniform token primvars:st:interpolation = "vertex"
    uniform token subdivisionScheme = "none"
    custom bool cbnu:stairOpening = false
}
            over "Walls"
            {
over "Wall_16"
{
    double3 xformOp:translate = (15.5392, 14.8603, 1.5)
    double3 xformOp:scale = (3.44, 0.2, 3)
}
over "Wall_17"
{
    double3 xformOp:translate = (18.2392, 14.8603, 1.5)
    double3 xformOp:scale = (3.44, 0.2, 3)
}
over "Wall_18"
{
    double3 xformOp:translate = (16.8892, 16.5803, 1.5)
}
over "Wall_20"
{
    double3 xformOp:translate = (28.2724, 15.0244, 1.5)
    double3 xformOp:scale = (3.44, 0.2, 3)
}
over "Wall_21"
{
    double3 xformOp:translate = (30.9724, 15.0244, 1.5)
    double3 xformOp:scale = (3.44, 0.2, 3)
}
over "Wall_22"
{
    double3 xformOp:translate = (29.6224, 16.7444, 1.5)
}
            }
            over "CeilingLights"
            {
                over "CeilingLight_16"
                {
                    double3 xformOp:translate = (16.8892, 15.8803, 2.96)
                }
                over "CeilingLight_17"
                {
                    double3 xformOp:translate = (29.6224, 16.0444, 2.96)
                }
            }
        }
    }
    over "InterFloorBand"
    {
over "Wall_16"
{
    double3 xformOp:translate = (15.5392, 14.8603, 3.1)
    double3 xformOp:scale = (3.44, 0.2, 0.2)
}
over "Wall_17"
{
    double3 xformOp:translate = (18.2392, 14.8603, 3.1)
    double3 xformOp:scale = (3.44, 0.2, 0.2)
}
over "Wall_18"
{
    double3 xformOp:translate = (16.8892, 16.5803, 3.1)
}
over "Wall_20"
{
    double3 xformOp:translate = (28.2724, 15.0244, 3.1)
    double3 xformOp:scale = (3.44, 0.2, 0.2)
}
over "Wall_21"
{
    double3 xformOp:translate = (30.9724, 15.0244, 3.1)
    double3 xformOp:scale = (3.44, 0.2, 0.2)
}
over "Wall_22"
{
    double3 xformOp:translate = (29.6224, 16.7444, 3.1)
}
    }
def Xform "Stairs_Left"
    {
        custom double cbnu:floorToFloorHeight = 3.2
        custom double cbnu:landingHeight = 1.6
        custom int cbnu:risersPerFlight = 9
        custom double cbnu:riserHeight = 0.17777778
        custom double cbnu:treadDepth = .28
        custom double cbnu:flightWidth = 1.1
        custom double4 cbnu:clearBoundsXY = (15.6392, 18.1392, 13.0403, 16.4803)
def Material "StairStone"
{
    token outputs:surface.connect = </World/Stairs_Left/StairStone/Surface.outputs:surface>
    def Shader "Surface"
    {
        uniform token info:id = "UsdPreviewSurface"
        color3f inputs:diffuseColor = (0.6, 0.61, 0.59)
        float inputs:roughness = 0.8
        float inputs:metallic = 0
        token outputs:surface
    }
}
def Material "RailMetal"
{
    token outputs:surface.connect = </World/Stairs_Left/RailMetal/Surface.outputs:surface>
    def Shader "Surface"
    {
        uniform token info:id = "UsdPreviewSurface"
        color3f inputs:diffuseColor = (0.2, 0.22, 0.23)
        float inputs:roughness = 0.32
        float inputs:metallic = 0.7
        token outputs:surface
    }
}
def Cube "Flight_1_Step_01" (
    prepend apiSchemas = ["MaterialBindingAPI", "PhysicsCollisionAPI"]
)
{
    double size = 1
    bool physics:collisionEnabled = true
    rel material:binding = </World/Stairs_Left/StairStone>
    double3 xformOp:translate = (16.2892, 13.1803, 0.11777778)
    double xformOp:rotateX = 0
    double3 xformOp:scale = (1.1, 0.28, 0.12)
    uniform token[] xformOpOrder = ["xformOp:translate", "xformOp:rotateX", "xformOp:scale"]
}
def Cube "Riser_1_01" (
    prepend apiSchemas = ["MaterialBindingAPI", "PhysicsCollisionAPI"]
)
{
    double size = 1
    bool physics:collisionEnabled = true
    rel material:binding = </World/Stairs_Left/StairStone>
    double3 xformOp:translate = (16.2892, 13.0578, 0.08888889)
    double xformOp:rotateX = 0
    double3 xformOp:scale = (1.1, 0.035, 0.17777778)
    uniform token[] xformOpOrder = ["xformOp:translate", "xformOp:rotateX", "xformOp:scale"]
}
def Cube "Flight_1_Step_02" (
    prepend apiSchemas = ["MaterialBindingAPI", "PhysicsCollisionAPI"]
)
{
    double size = 1
    bool physics:collisionEnabled = true
    rel material:binding = </World/Stairs_Left/StairStone>
    double3 xformOp:translate = (16.2892, 13.4603, 0.29555556)
    double xformOp:rotateX = 0
    double3 xformOp:scale = (1.1, 0.28, 0.12)
    uniform token[] xformOpOrder = ["xformOp:translate", "xformOp:rotateX", "xformOp:scale"]
}
def Cube "Riser_1_02" (
    prepend apiSchemas = ["MaterialBindingAPI", "PhysicsCollisionAPI"]
)
{
    double size = 1
    bool physics:collisionEnabled = true
    rel material:binding = </World/Stairs_Left/StairStone>
    double3 xformOp:translate = (16.2892, 13.3378, 0.26666667)
    double xformOp:rotateX = 0
    double3 xformOp:scale = (1.1, 0.035, 0.17777778)
    uniform token[] xformOpOrder = ["xformOp:translate", "xformOp:rotateX", "xformOp:scale"]
}
def Cube "Flight_1_Step_03" (
    prepend apiSchemas = ["MaterialBindingAPI", "PhysicsCollisionAPI"]
)
{
    double size = 1
    bool physics:collisionEnabled = true
    rel material:binding = </World/Stairs_Left/StairStone>
    double3 xformOp:translate = (16.2892, 13.7403, 0.47333333)
    double xformOp:rotateX = 0
    double3 xformOp:scale = (1.1, 0.28, 0.12)
    uniform token[] xformOpOrder = ["xformOp:translate", "xformOp:rotateX", "xformOp:scale"]
}
def Cube "Riser_1_03" (
    prepend apiSchemas = ["MaterialBindingAPI", "PhysicsCollisionAPI"]
)
{
    double size = 1
    bool physics:collisionEnabled = true
    rel material:binding = </World/Stairs_Left/StairStone>
    double3 xformOp:translate = (16.2892, 13.6178, 0.44444444)
    double xformOp:rotateX = 0
    double3 xformOp:scale = (1.1, 0.035, 0.17777778)
    uniform token[] xformOpOrder = ["xformOp:translate", "xformOp:rotateX", "xformOp:scale"]
}
def Cube "Flight_1_Step_04" (
    prepend apiSchemas = ["MaterialBindingAPI", "PhysicsCollisionAPI"]
)
{
    double size = 1
    bool physics:collisionEnabled = true
    rel material:binding = </World/Stairs_Left/StairStone>
    double3 xformOp:translate = (16.2892, 14.0203, 0.65111111)
    double xformOp:rotateX = 0
    double3 xformOp:scale = (1.1, 0.28, 0.12)
    uniform token[] xformOpOrder = ["xformOp:translate", "xformOp:rotateX", "xformOp:scale"]
}
def Cube "Riser_1_04" (
    prepend apiSchemas = ["MaterialBindingAPI", "PhysicsCollisionAPI"]
)
{
    double size = 1
    bool physics:collisionEnabled = true
    rel material:binding = </World/Stairs_Left/StairStone>
    double3 xformOp:translate = (16.2892, 13.8978, 0.62222222)
    double xformOp:rotateX = 0
    double3 xformOp:scale = (1.1, 0.035, 0.17777778)
    uniform token[] xformOpOrder = ["xformOp:translate", "xformOp:rotateX", "xformOp:scale"]
}
def Cube "Flight_1_Step_05" (
    prepend apiSchemas = ["MaterialBindingAPI", "PhysicsCollisionAPI"]
)
{
    double size = 1
    bool physics:collisionEnabled = true
    rel material:binding = </World/Stairs_Left/StairStone>
    double3 xformOp:translate = (16.2892, 14.3003, 0.82888889)
    double xformOp:rotateX = 0
    double3 xformOp:scale = (1.1, 0.28, 0.12)
    uniform token[] xformOpOrder = ["xformOp:translate", "xformOp:rotateX", "xformOp:scale"]
}
def Cube "Riser_1_05" (
    prepend apiSchemas = ["MaterialBindingAPI", "PhysicsCollisionAPI"]
)
{
    double size = 1
    bool physics:collisionEnabled = true
    rel material:binding = </World/Stairs_Left/StairStone>
    double3 xformOp:translate = (16.2892, 14.1778, 0.8)
    double xformOp:rotateX = 0
    double3 xformOp:scale = (1.1, 0.035, 0.17777778)
    uniform token[] xformOpOrder = ["xformOp:translate", "xformOp:rotateX", "xformOp:scale"]
}
def Cube "Flight_1_Step_06" (
    prepend apiSchemas = ["MaterialBindingAPI", "PhysicsCollisionAPI"]
)
{
    double size = 1
    bool physics:collisionEnabled = true
    rel material:binding = </World/Stairs_Left/StairStone>
    double3 xformOp:translate = (16.2892, 14.5803, 1.00666667)
    double xformOp:rotateX = 0
    double3 xformOp:scale = (1.1, 0.28, 0.12)
    uniform token[] xformOpOrder = ["xformOp:translate", "xformOp:rotateX", "xformOp:scale"]
}
def Cube "Riser_1_06" (
    prepend apiSchemas = ["MaterialBindingAPI", "PhysicsCollisionAPI"]
)
{
    double size = 1
    bool physics:collisionEnabled = true
    rel material:binding = </World/Stairs_Left/StairStone>
    double3 xformOp:translate = (16.2892, 14.4578, 0.97777778)
    double xformOp:rotateX = 0
    double3 xformOp:scale = (1.1, 0.035, 0.17777778)
    uniform token[] xformOpOrder = ["xformOp:translate", "xformOp:rotateX", "xformOp:scale"]
}
def Cube "Flight_1_Step_07" (
    prepend apiSchemas = ["MaterialBindingAPI", "PhysicsCollisionAPI"]
)
{
    double size = 1
    bool physics:collisionEnabled = true
    rel material:binding = </World/Stairs_Left/StairStone>
    double3 xformOp:translate = (16.2892, 14.8603, 1.18444444)
    double xformOp:rotateX = 0
    double3 xformOp:scale = (1.1, 0.28, 0.12)
    uniform token[] xformOpOrder = ["xformOp:translate", "xformOp:rotateX", "xformOp:scale"]
}
def Cube "Riser_1_07" (
    prepend apiSchemas = ["MaterialBindingAPI", "PhysicsCollisionAPI"]
)
{
    double size = 1
    bool physics:collisionEnabled = true
    rel material:binding = </World/Stairs_Left/StairStone>
    double3 xformOp:translate = (16.2892, 14.7378, 1.15555556)
    double xformOp:rotateX = 0
    double3 xformOp:scale = (1.1, 0.035, 0.17777778)
    uniform token[] xformOpOrder = ["xformOp:translate", "xformOp:rotateX", "xformOp:scale"]
}
def Cube "Flight_1_Step_08" (
    prepend apiSchemas = ["MaterialBindingAPI", "PhysicsCollisionAPI"]
)
{
    double size = 1
    bool physics:collisionEnabled = true
    rel material:binding = </World/Stairs_Left/StairStone>
    double3 xformOp:translate = (16.2892, 15.1403, 1.36222222)
    double xformOp:rotateX = 0
    double3 xformOp:scale = (1.1, 0.28, 0.12)
    uniform token[] xformOpOrder = ["xformOp:translate", "xformOp:rotateX", "xformOp:scale"]
}
def Cube "Riser_1_08" (
    prepend apiSchemas = ["MaterialBindingAPI", "PhysicsCollisionAPI"]
)
{
    double size = 1
    bool physics:collisionEnabled = true
    rel material:binding = </World/Stairs_Left/StairStone>
    double3 xformOp:translate = (16.2892, 15.0178, 1.33333333)
    double xformOp:rotateX = 0
    double3 xformOp:scale = (1.1, 0.035, 0.17777778)
    uniform token[] xformOpOrder = ["xformOp:translate", "xformOp:rotateX", "xformOp:scale"]
}
def Cube "Stringer_0_0" (
    prepend apiSchemas = ["MaterialBindingAPI", "PhysicsCollisionAPI"]
)
{
    double size = 1
    bool physics:collisionEnabled = true
    rel material:binding = </World/Stairs_Left/StairStone>
    double3 xformOp:translate = (15.8692, 14.1603, 0.65)
    double xformOp:rotateX = 32.41230662
    double3 xformOp:scale = (0.1, 2.70168947, 0.16)
    uniform token[] xformOpOrder = ["xformOp:translate", "xformOp:rotateX", "xformOp:scale"]
}
def Cube "Stringer_0_2" (
    prepend apiSchemas = ["MaterialBindingAPI", "PhysicsCollisionAPI"]
)
{
    double size = 1
    bool physics:collisionEnabled = true
    rel material:binding = </World/Stairs_Left/StairStone>
    double3 xformOp:translate = (16.7092, 14.1603, 0.65)
    double xformOp:rotateX = 32.41230662
    double3 xformOp:scale = (0.1, 2.70168947, 0.16)
    uniform token[] xformOpOrder = ["xformOp:translate", "xformOp:rotateX", "xformOp:scale"]
}
def Cube "Post_0_0_0" (
    prepend apiSchemas = ["MaterialBindingAPI", "PhysicsCollisionAPI"]
)
{
    double size = 1
    bool physics:collisionEnabled = true
    rel material:binding = </World/Stairs_Left/RailMetal>
    double3 xformOp:translate = (15.7842, 13.1803, 0.65277778)
    double xformOp:rotateX = 0
    double3 xformOp:scale = (0.04, 0.04, 0.95)
    uniform token[] xformOpOrder = ["xformOp:translate", "xformOp:rotateX", "xformOp:scale"]
}
def Cube "Post_0_0_2" (
    prepend apiSchemas = ["MaterialBindingAPI", "PhysicsCollisionAPI"]
)
{
    double size = 1
    bool physics:collisionEnabled = true
    rel material:binding = </World/Stairs_Left/RailMetal>
    double3 xformOp:translate = (15.7842, 13.7403, 1.00833333)
    double xformOp:rotateX = 0
    double3 xformOp:scale = (0.04, 0.04, 0.95)
    uniform token[] xformOpOrder = ["xformOp:translate", "xformOp:rotateX", "xformOp:scale"]
}
def Cube "Post_0_0_4" (
    prepend apiSchemas = ["MaterialBindingAPI", "PhysicsCollisionAPI"]
)
{
    double size = 1
    bool physics:collisionEnabled = true
    rel material:binding = </World/Stairs_Left/RailMetal>
    double3 xformOp:translate = (15.7842, 14.3003, 1.36388889)
    double xformOp:rotateX = 0
    double3 xformOp:scale = (0.04, 0.04, 0.95)
    uniform token[] xformOpOrder = ["xformOp:translate", "xformOp:rotateX", "xformOp:scale"]
}
def Cube "Post_0_0_7" (
    prepend apiSchemas = ["MaterialBindingAPI", "PhysicsCollisionAPI"]
)
{
    double size = 1
    bool physics:collisionEnabled = true
    rel material:binding = </World/Stairs_Left/RailMetal>
    double3 xformOp:translate = (15.7842, 15.1403, 1.89722222)
    double xformOp:rotateX = 0
    double3 xformOp:scale = (0.04, 0.04, 0.95)
    uniform token[] xformOpOrder = ["xformOp:translate", "xformOp:rotateX", "xformOp:scale"]
}
def Cube "Handrail_0_0" (
    prepend apiSchemas = ["MaterialBindingAPI", "PhysicsCollisionAPI"]
)
{
    double size = 1
    bool physics:collisionEnabled = true
    rel material:binding = </World/Stairs_Left/RailMetal>
    double3 xformOp:translate = (15.7842, 14.1603, 1.75)
    double xformOp:rotateX = 32.41230662
    double3 xformOp:scale = (0.045, 2.40168947, 0.045)
    uniform token[] xformOpOrder = ["xformOp:translate", "xformOp:rotateX", "xformOp:scale"]
}
def Cube "Post_0_2_0" (
    prepend apiSchemas = ["MaterialBindingAPI", "PhysicsCollisionAPI"]
)
{
    double size = 1
    bool physics:collisionEnabled = true
    rel material:binding = </World/Stairs_Left/RailMetal>
    double3 xformOp:translate = (16.7942, 13.1803, 0.65277778)
    double xformOp:rotateX = 0
    double3 xformOp:scale = (0.04, 0.04, 0.95)
    uniform token[] xformOpOrder = ["xformOp:translate", "xformOp:rotateX", "xformOp:scale"]
}
def Cube "Post_0_2_2" (
    prepend apiSchemas = ["MaterialBindingAPI", "PhysicsCollisionAPI"]
)
{
    double size = 1
    bool physics:collisionEnabled = true
    rel material:binding = </World/Stairs_Left/RailMetal>
    double3 xformOp:translate = (16.7942, 13.7403, 1.00833333)
    double xformOp:rotateX = 0
    double3 xformOp:scale = (0.04, 0.04, 0.95)
    uniform token[] xformOpOrder = ["xformOp:translate", "xformOp:rotateX", "xformOp:scale"]
}
def Cube "Post_0_2_4" (
    prepend apiSchemas = ["MaterialBindingAPI", "PhysicsCollisionAPI"]
)
{
    double size = 1
    bool physics:collisionEnabled = true
    rel material:binding = </World/Stairs_Left/RailMetal>
    double3 xformOp:translate = (16.7942, 14.3003, 1.36388889)
    double xformOp:rotateX = 0
    double3 xformOp:scale = (0.04, 0.04, 0.95)
    uniform token[] xformOpOrder = ["xformOp:translate", "xformOp:rotateX", "xformOp:scale"]
}
def Cube "Post_0_2_7" (
    prepend apiSchemas = ["MaterialBindingAPI", "PhysicsCollisionAPI"]
)
{
    double size = 1
    bool physics:collisionEnabled = true
    rel material:binding = </World/Stairs_Left/RailMetal>
    double3 xformOp:translate = (16.7942, 15.1403, 1.89722222)
    double xformOp:rotateX = 0
    double3 xformOp:scale = (0.04, 0.04, 0.95)
    uniform token[] xformOpOrder = ["xformOp:translate", "xformOp:rotateX", "xformOp:scale"]
}
def Cube "Handrail_0_2" (
    prepend apiSchemas = ["MaterialBindingAPI", "PhysicsCollisionAPI"]
)
{
    double size = 1
    bool physics:collisionEnabled = true
    rel material:binding = </World/Stairs_Left/RailMetal>
    double3 xformOp:translate = (16.7942, 14.1603, 1.75)
    double xformOp:rotateX = 32.41230662
    double3 xformOp:scale = (0.045, 2.40168947, 0.045)
    uniform token[] xformOpOrder = ["xformOp:translate", "xformOp:rotateX", "xformOp:scale"]
}
def Cube "Flight_2_Step_01" (
    prepend apiSchemas = ["MaterialBindingAPI", "PhysicsCollisionAPI"]
)
{
    double size = 1
    bool physics:collisionEnabled = true
    rel material:binding = </World/Stairs_Left/StairStone>
    double3 xformOp:translate = (17.4892, 15.1403, 1.71777778)
    double xformOp:rotateX = 0
    double3 xformOp:scale = (1.1, 0.28, 0.12)
    uniform token[] xformOpOrder = ["xformOp:translate", "xformOp:rotateX", "xformOp:scale"]
}
def Cube "Riser_2_01" (
    prepend apiSchemas = ["MaterialBindingAPI", "PhysicsCollisionAPI"]
)
{
    double size = 1
    bool physics:collisionEnabled = true
    rel material:binding = </World/Stairs_Left/StairStone>
    double3 xformOp:translate = (17.4892, 15.2628, 1.68888889)
    double xformOp:rotateX = 0
    double3 xformOp:scale = (1.1, 0.035, 0.17777778)
    uniform token[] xformOpOrder = ["xformOp:translate", "xformOp:rotateX", "xformOp:scale"]
}
def Cube "Flight_2_Step_02" (
    prepend apiSchemas = ["MaterialBindingAPI", "PhysicsCollisionAPI"]
)
{
    double size = 1
    bool physics:collisionEnabled = true
    rel material:binding = </World/Stairs_Left/StairStone>
    double3 xformOp:translate = (17.4892, 14.8603, 1.89555556)
    double xformOp:rotateX = 0
    double3 xformOp:scale = (1.1, 0.28, 0.12)
    uniform token[] xformOpOrder = ["xformOp:translate", "xformOp:rotateX", "xformOp:scale"]
}
def Cube "Riser_2_02" (
    prepend apiSchemas = ["MaterialBindingAPI", "PhysicsCollisionAPI"]
)
{
    double size = 1
    bool physics:collisionEnabled = true
    rel material:binding = </World/Stairs_Left/StairStone>
    double3 xformOp:translate = (17.4892, 14.9828, 1.86666667)
    double xformOp:rotateX = 0
    double3 xformOp:scale = (1.1, 0.035, 0.17777778)
    uniform token[] xformOpOrder = ["xformOp:translate", "xformOp:rotateX", "xformOp:scale"]
}
def Cube "Flight_2_Step_03" (
    prepend apiSchemas = ["MaterialBindingAPI", "PhysicsCollisionAPI"]
)
{
    double size = 1
    bool physics:collisionEnabled = true
    rel material:binding = </World/Stairs_Left/StairStone>
    double3 xformOp:translate = (17.4892, 14.5803, 2.07333333)
    double xformOp:rotateX = 0
    double3 xformOp:scale = (1.1, 0.28, 0.12)
    uniform token[] xformOpOrder = ["xformOp:translate", "xformOp:rotateX", "xformOp:scale"]
}
def Cube "Riser_2_03" (
    prepend apiSchemas = ["MaterialBindingAPI", "PhysicsCollisionAPI"]
)
{
    double size = 1
    bool physics:collisionEnabled = true
    rel material:binding = </World/Stairs_Left/StairStone>
    double3 xformOp:translate = (17.4892, 14.7028, 2.04444444)
    double xformOp:rotateX = 0
    double3 xformOp:scale = (1.1, 0.035, 0.17777778)
    uniform token[] xformOpOrder = ["xformOp:translate", "xformOp:rotateX", "xformOp:scale"]
}
def Cube "Flight_2_Step_04" (
    prepend apiSchemas = ["MaterialBindingAPI", "PhysicsCollisionAPI"]
)
{
    double size = 1
    bool physics:collisionEnabled = true
    rel material:binding = </World/Stairs_Left/StairStone>
    double3 xformOp:translate = (17.4892, 14.3003, 2.25111111)
    double xformOp:rotateX = 0
    double3 xformOp:scale = (1.1, 0.28, 0.12)
    uniform token[] xformOpOrder = ["xformOp:translate", "xformOp:rotateX", "xformOp:scale"]
}
def Cube "Riser_2_04" (
    prepend apiSchemas = ["MaterialBindingAPI", "PhysicsCollisionAPI"]
)
{
    double size = 1
    bool physics:collisionEnabled = true
    rel material:binding = </World/Stairs_Left/StairStone>
    double3 xformOp:translate = (17.4892, 14.4228, 2.22222222)
    double xformOp:rotateX = 0
    double3 xformOp:scale = (1.1, 0.035, 0.17777778)
    uniform token[] xformOpOrder = ["xformOp:translate", "xformOp:rotateX", "xformOp:scale"]
}
def Cube "Flight_2_Step_05" (
    prepend apiSchemas = ["MaterialBindingAPI", "PhysicsCollisionAPI"]
)
{
    double size = 1
    bool physics:collisionEnabled = true
    rel material:binding = </World/Stairs_Left/StairStone>
    double3 xformOp:translate = (17.4892, 14.0203, 2.42888889)
    double xformOp:rotateX = 0
    double3 xformOp:scale = (1.1, 0.28, 0.12)
    uniform token[] xformOpOrder = ["xformOp:translate", "xformOp:rotateX", "xformOp:scale"]
}
def Cube "Riser_2_05" (
    prepend apiSchemas = ["MaterialBindingAPI", "PhysicsCollisionAPI"]
)
{
    double size = 1
    bool physics:collisionEnabled = true
    rel material:binding = </World/Stairs_Left/StairStone>
    double3 xformOp:translate = (17.4892, 14.1428, 2.4)
    double xformOp:rotateX = 0
    double3 xformOp:scale = (1.1, 0.035, 0.17777778)
    uniform token[] xformOpOrder = ["xformOp:translate", "xformOp:rotateX", "xformOp:scale"]
}
def Cube "Flight_2_Step_06" (
    prepend apiSchemas = ["MaterialBindingAPI", "PhysicsCollisionAPI"]
)
{
    double size = 1
    bool physics:collisionEnabled = true
    rel material:binding = </World/Stairs_Left/StairStone>
    double3 xformOp:translate = (17.4892, 13.7403, 2.60666667)
    double xformOp:rotateX = 0
    double3 xformOp:scale = (1.1, 0.28, 0.12)
    uniform token[] xformOpOrder = ["xformOp:translate", "xformOp:rotateX", "xformOp:scale"]
}
def Cube "Riser_2_06" (
    prepend apiSchemas = ["MaterialBindingAPI", "PhysicsCollisionAPI"]
)
{
    double size = 1
    bool physics:collisionEnabled = true
    rel material:binding = </World/Stairs_Left/StairStone>
    double3 xformOp:translate = (17.4892, 13.8628, 2.57777778)
    double xformOp:rotateX = 0
    double3 xformOp:scale = (1.1, 0.035, 0.17777778)
    uniform token[] xformOpOrder = ["xformOp:translate", "xformOp:rotateX", "xformOp:scale"]
}
def Cube "Flight_2_Step_07" (
    prepend apiSchemas = ["MaterialBindingAPI", "PhysicsCollisionAPI"]
)
{
    double size = 1
    bool physics:collisionEnabled = true
    rel material:binding = </World/Stairs_Left/StairStone>
    double3 xformOp:translate = (17.4892, 13.4603, 2.78444444)
    double xformOp:rotateX = 0
    double3 xformOp:scale = (1.1, 0.28, 0.12)
    uniform token[] xformOpOrder = ["xformOp:translate", "xformOp:rotateX", "xformOp:scale"]
}
def Cube "Riser_2_07" (
    prepend apiSchemas = ["MaterialBindingAPI", "PhysicsCollisionAPI"]
)
{
    double size = 1
    bool physics:collisionEnabled = true
    rel material:binding = </World/Stairs_Left/StairStone>
    double3 xformOp:translate = (17.4892, 13.5828, 2.75555556)
    double xformOp:rotateX = 0
    double3 xformOp:scale = (1.1, 0.035, 0.17777778)
    uniform token[] xformOpOrder = ["xformOp:translate", "xformOp:rotateX", "xformOp:scale"]
}
def Cube "Flight_2_Step_08" (
    prepend apiSchemas = ["MaterialBindingAPI", "PhysicsCollisionAPI"]
)
{
    double size = 1
    bool physics:collisionEnabled = true
    rel material:binding = </World/Stairs_Left/StairStone>
    double3 xformOp:translate = (17.4892, 13.1803, 2.96222222)
    double xformOp:rotateX = 0
    double3 xformOp:scale = (1.1, 0.28, 0.12)
    uniform token[] xformOpOrder = ["xformOp:translate", "xformOp:rotateX", "xformOp:scale"]
}
def Cube "Riser_2_08" (
    prepend apiSchemas = ["MaterialBindingAPI", "PhysicsCollisionAPI"]
)
{
    double size = 1
    bool physics:collisionEnabled = true
    rel material:binding = </World/Stairs_Left/StairStone>
    double3 xformOp:translate = (17.4892, 13.3028, 2.93333333)
    double xformOp:rotateX = 0
    double3 xformOp:scale = (1.1, 0.035, 0.17777778)
    uniform token[] xformOpOrder = ["xformOp:translate", "xformOp:rotateX", "xformOp:scale"]
}
def Cube "Stringer_1_0" (
    prepend apiSchemas = ["MaterialBindingAPI", "PhysicsCollisionAPI"]
)
{
    double size = 1
    bool physics:collisionEnabled = true
    rel material:binding = </World/Stairs_Left/StairStone>
    double3 xformOp:translate = (17.0692, 14.1603, 2.25)
    double xformOp:rotateX = -32.41230662
    double3 xformOp:scale = (0.1, 2.70168947, 0.16)
    uniform token[] xformOpOrder = ["xformOp:translate", "xformOp:rotateX", "xformOp:scale"]
}
def Cube "Stringer_1_2" (
    prepend apiSchemas = ["MaterialBindingAPI", "PhysicsCollisionAPI"]
)
{
    double size = 1
    bool physics:collisionEnabled = true
    rel material:binding = </World/Stairs_Left/StairStone>
    double3 xformOp:translate = (17.9092, 14.1603, 2.25)
    double xformOp:rotateX = -32.41230662
    double3 xformOp:scale = (0.1, 2.70168947, 0.16)
    uniform token[] xformOpOrder = ["xformOp:translate", "xformOp:rotateX", "xformOp:scale"]
}
def Cube "Post_1_0_0" (
    prepend apiSchemas = ["MaterialBindingAPI", "PhysicsCollisionAPI"]
)
{
    double size = 1
    bool physics:collisionEnabled = true
    rel material:binding = </World/Stairs_Left/RailMetal>
    double3 xformOp:translate = (16.9842, 15.1403, 2.25277778)
    double xformOp:rotateX = 0
    double3 xformOp:scale = (0.04, 0.04, 0.95)
    uniform token[] xformOpOrder = ["xformOp:translate", "xformOp:rotateX", "xformOp:scale"]
}
def Cube "Post_1_0_2" (
    prepend apiSchemas = ["MaterialBindingAPI", "PhysicsCollisionAPI"]
)
{
    double size = 1
    bool physics:collisionEnabled = true
    rel material:binding = </World/Stairs_Left/RailMetal>
    double3 xformOp:translate = (16.9842, 14.5803, 2.60833333)
    double xformOp:rotateX = 0
    double3 xformOp:scale = (0.04, 0.04, 0.95)
    uniform token[] xformOpOrder = ["xformOp:translate", "xformOp:rotateX", "xformOp:scale"]
}
def Cube "Post_1_0_4" (
    prepend apiSchemas = ["MaterialBindingAPI", "PhysicsCollisionAPI"]
)
{
    double size = 1
    bool physics:collisionEnabled = true
    rel material:binding = </World/Stairs_Left/RailMetal>
    double3 xformOp:translate = (16.9842, 14.0203, 2.96388889)
    double xformOp:rotateX = 0
    double3 xformOp:scale = (0.04, 0.04, 0.95)
    uniform token[] xformOpOrder = ["xformOp:translate", "xformOp:rotateX", "xformOp:scale"]
}
def Cube "Post_1_0_7" (
    prepend apiSchemas = ["MaterialBindingAPI", "PhysicsCollisionAPI"]
)
{
    double size = 1
    bool physics:collisionEnabled = true
    rel material:binding = </World/Stairs_Left/RailMetal>
    double3 xformOp:translate = (16.9842, 13.1803, 3.49722222)
    double xformOp:rotateX = 0
    double3 xformOp:scale = (0.04, 0.04, 0.95)
    uniform token[] xformOpOrder = ["xformOp:translate", "xformOp:rotateX", "xformOp:scale"]
}
def Cube "Handrail_1_0" (
    prepend apiSchemas = ["MaterialBindingAPI", "PhysicsCollisionAPI"]
)
{
    double size = 1
    bool physics:collisionEnabled = true
    rel material:binding = </World/Stairs_Left/RailMetal>
    double3 xformOp:translate = (16.9842, 14.1603, 3.35)
    double xformOp:rotateX = -32.41230662
    double3 xformOp:scale = (0.045, 2.40168947, 0.045)
    uniform token[] xformOpOrder = ["xformOp:translate", "xformOp:rotateX", "xformOp:scale"]
}
def Cube "Post_1_2_0" (
    prepend apiSchemas = ["MaterialBindingAPI", "PhysicsCollisionAPI"]
)
{
    double size = 1
    bool physics:collisionEnabled = true
    rel material:binding = </World/Stairs_Left/RailMetal>
    double3 xformOp:translate = (17.9942, 15.1403, 2.25277778)
    double xformOp:rotateX = 0
    double3 xformOp:scale = (0.04, 0.04, 0.95)
    uniform token[] xformOpOrder = ["xformOp:translate", "xformOp:rotateX", "xformOp:scale"]
}
def Cube "Post_1_2_2" (
    prepend apiSchemas = ["MaterialBindingAPI", "PhysicsCollisionAPI"]
)
{
    double size = 1
    bool physics:collisionEnabled = true
    rel material:binding = </World/Stairs_Left/RailMetal>
    double3 xformOp:translate = (17.9942, 14.5803, 2.60833333)
    double xformOp:rotateX = 0
    double3 xformOp:scale = (0.04, 0.04, 0.95)
    uniform token[] xformOpOrder = ["xformOp:translate", "xformOp:rotateX", "xformOp:scale"]
}
def Cube "Post_1_2_4" (
    prepend apiSchemas = ["MaterialBindingAPI", "PhysicsCollisionAPI"]
)
{
    double size = 1
    bool physics:collisionEnabled = true
    rel material:binding = </World/Stairs_Left/RailMetal>
    double3 xformOp:translate = (17.9942, 14.0203, 2.96388889)
    double xformOp:rotateX = 0
    double3 xformOp:scale = (0.04, 0.04, 0.95)
    uniform token[] xformOpOrder = ["xformOp:translate", "xformOp:rotateX", "xformOp:scale"]
}
def Cube "Post_1_2_7" (
    prepend apiSchemas = ["MaterialBindingAPI", "PhysicsCollisionAPI"]
)
{
    double size = 1
    bool physics:collisionEnabled = true
    rel material:binding = </World/Stairs_Left/RailMetal>
    double3 xformOp:translate = (17.9942, 13.1803, 3.49722222)
    double xformOp:rotateX = 0
    double3 xformOp:scale = (0.04, 0.04, 0.95)
    uniform token[] xformOpOrder = ["xformOp:translate", "xformOp:rotateX", "xformOp:scale"]
}
def Cube "Handrail_1_2" (
    prepend apiSchemas = ["MaterialBindingAPI", "PhysicsCollisionAPI"]
)
{
    double size = 1
    bool physics:collisionEnabled = true
    rel material:binding = </World/Stairs_Left/RailMetal>
    double3 xformOp:translate = (17.9942, 14.1603, 3.35)
    double xformOp:rotateX = -32.41230662
    double3 xformOp:scale = (0.045, 2.40168947, 0.045)
    uniform token[] xformOpOrder = ["xformOp:translate", "xformOp:rotateX", "xformOp:scale"]
}
def Cube "HalfLanding" (
    prepend apiSchemas = ["MaterialBindingAPI", "PhysicsCollisionAPI"]
)
{
    double size = 1
    bool physics:collisionEnabled = true
    rel material:binding = </World/Stairs_Left/StairStone>
    double3 xformOp:translate = (16.8892, 15.8803, 1.51)
    double xformOp:rotateX = 0
    double3 xformOp:scale = (2.5, 1.2, 0.18)
    uniform token[] xformOpOrder = ["xformOp:translate", "xformOp:rotateX", "xformOp:scale"]
}
def Cube "UpperExitRiser" (
    prepend apiSchemas = ["MaterialBindingAPI", "PhysicsCollisionAPI"]
)
{
    double size = 1
    bool physics:collisionEnabled = true
    rel material:binding = </World/Stairs_Left/StairStone>
    double3 xformOp:translate = (17.4892, 13.0228, 3.11111111)
    double xformOp:rotateX = 0
    double3 xformOp:scale = (1.1, 0.035, 0.17777778)
    uniform token[] xformOpOrder = ["xformOp:translate", "xformOp:rotateX", "xformOp:scale"]
}
def Cube "UpperGuardPost_0" (
    prepend apiSchemas = ["MaterialBindingAPI", "PhysicsCollisionAPI"]
)
{
    double size = 1
    bool physics:collisionEnabled = true
    rel material:binding = </World/Stairs_Left/RailMetal>
    double3 xformOp:translate = (15.6742, 13.0053, 3.725)
    double xformOp:rotateX = 0
    double3 xformOp:scale = (0.04, 0.04, 1.05)
    uniform token[] xformOpOrder = ["xformOp:translate", "xformOp:rotateX", "xformOp:scale"]
}
def Cube "UpperGuardPost_1" (
    prepend apiSchemas = ["MaterialBindingAPI", "PhysicsCollisionAPI"]
)
{
    double size = 1
    bool physics:collisionEnabled = true
    rel material:binding = </World/Stairs_Left/RailMetal>
    double3 xformOp:translate = (16.2742, 13.0053, 3.725)
    double xformOp:rotateX = 0
    double3 xformOp:scale = (0.04, 0.04, 1.05)
    uniform token[] xformOpOrder = ["xformOp:translate", "xformOp:rotateX", "xformOp:scale"]
}
def Cube "UpperGuardPost_2" (
    prepend apiSchemas = ["MaterialBindingAPI", "PhysicsCollisionAPI"]
)
{
    double size = 1
    bool physics:collisionEnabled = true
    rel material:binding = </World/Stairs_Left/RailMetal>
    double3 xformOp:translate = (16.8942, 13.0053, 3.725)
    double xformOp:rotateX = 0
    double3 xformOp:scale = (0.04, 0.04, 1.05)
    uniform token[] xformOpOrder = ["xformOp:translate", "xformOp:rotateX", "xformOp:scale"]
}
def Cube "UpperGuardRail_0" (
    prepend apiSchemas = ["MaterialBindingAPI", "PhysicsCollisionAPI"]
)
{
    double size = 1
    bool physics:collisionEnabled = true
    rel material:binding = </World/Stairs_Left/RailMetal>
    double3 xformOp:translate = (16.2842, 13.0053, 3.725)
    double xformOp:rotateX = 0
    double3 xformOp:scale = (1.26, 0.045, 0.045)
    uniform token[] xformOpOrder = ["xformOp:translate", "xformOp:rotateX", "xformOp:scale"]
}
def Cube "UpperGuardRail_1" (
    prepend apiSchemas = ["MaterialBindingAPI", "PhysicsCollisionAPI"]
)
{
    double size = 1
    bool physics:collisionEnabled = true
    rel material:binding = </World/Stairs_Left/RailMetal>
    double3 xformOp:translate = (16.2842, 13.0053, 4.25)
    double xformOp:rotateX = 0
    double3 xformOp:scale = (1.26, 0.045, 0.045)
    uniform token[] xformOpOrder = ["xformOp:translate", "xformOp:rotateX", "xformOp:scale"]
}
        def Xform "LandingLight" (
            prepend references = @../../../assets/architecture/ceiling/ceiling_panel_light.usda@
        )
        {
            double3 xformOp:translate = (16.8892, 16.4803, 2.7)
            double xformOp:rotateX = -90
            uniform token[] xformOpOrder = ["xformOp:translate", "xformOp:rotateX"]
            over "Light"
            {
                float inputs:intensity = 8000
            }
        }
    }
def Xform "Stairs_Right"
    {
        custom double cbnu:floorToFloorHeight = 3.2
        custom double cbnu:landingHeight = 1.6
        custom int cbnu:risersPerFlight = 9
        custom double cbnu:riserHeight = 0.17777778
        custom double cbnu:treadDepth = .28
        custom double cbnu:flightWidth = 1.1
        custom double4 cbnu:clearBoundsXY = (28.3724, 30.8724, 13.2044, 16.6444)
def Material "StairStone"
{
    token outputs:surface.connect = </World/Stairs_Right/StairStone/Surface.outputs:surface>
    def Shader "Surface"
    {
        uniform token info:id = "UsdPreviewSurface"
        color3f inputs:diffuseColor = (0.6, 0.61, 0.59)
        float inputs:roughness = 0.8
        float inputs:metallic = 0
        token outputs:surface
    }
}
def Material "RailMetal"
{
    token outputs:surface.connect = </World/Stairs_Right/RailMetal/Surface.outputs:surface>
    def Shader "Surface"
    {
        uniform token info:id = "UsdPreviewSurface"
        color3f inputs:diffuseColor = (0.2, 0.22, 0.23)
        float inputs:roughness = 0.32
        float inputs:metallic = 0.7
        token outputs:surface
    }
}
def Cube "Flight_1_Step_01" (
    prepend apiSchemas = ["MaterialBindingAPI", "PhysicsCollisionAPI"]
)
{
    double size = 1
    bool physics:collisionEnabled = true
    rel material:binding = </World/Stairs_Right/StairStone>
    double3 xformOp:translate = (30.2224, 13.3444, 0.11777778)
    double xformOp:rotateX = 0
    double3 xformOp:scale = (1.1, 0.28, 0.12)
    uniform token[] xformOpOrder = ["xformOp:translate", "xformOp:rotateX", "xformOp:scale"]
}
def Cube "Riser_1_01" (
    prepend apiSchemas = ["MaterialBindingAPI", "PhysicsCollisionAPI"]
)
{
    double size = 1
    bool physics:collisionEnabled = true
    rel material:binding = </World/Stairs_Right/StairStone>
    double3 xformOp:translate = (30.2224, 13.2219, 0.08888889)
    double xformOp:rotateX = 0
    double3 xformOp:scale = (1.1, 0.035, 0.17777778)
    uniform token[] xformOpOrder = ["xformOp:translate", "xformOp:rotateX", "xformOp:scale"]
}
def Cube "Flight_1_Step_02" (
    prepend apiSchemas = ["MaterialBindingAPI", "PhysicsCollisionAPI"]
)
{
    double size = 1
    bool physics:collisionEnabled = true
    rel material:binding = </World/Stairs_Right/StairStone>
    double3 xformOp:translate = (30.2224, 13.6244, 0.29555556)
    double xformOp:rotateX = 0
    double3 xformOp:scale = (1.1, 0.28, 0.12)
    uniform token[] xformOpOrder = ["xformOp:translate", "xformOp:rotateX", "xformOp:scale"]
}
def Cube "Riser_1_02" (
    prepend apiSchemas = ["MaterialBindingAPI", "PhysicsCollisionAPI"]
)
{
    double size = 1
    bool physics:collisionEnabled = true
    rel material:binding = </World/Stairs_Right/StairStone>
    double3 xformOp:translate = (30.2224, 13.5019, 0.26666667)
    double xformOp:rotateX = 0
    double3 xformOp:scale = (1.1, 0.035, 0.17777778)
    uniform token[] xformOpOrder = ["xformOp:translate", "xformOp:rotateX", "xformOp:scale"]
}
def Cube "Flight_1_Step_03" (
    prepend apiSchemas = ["MaterialBindingAPI", "PhysicsCollisionAPI"]
)
{
    double size = 1
    bool physics:collisionEnabled = true
    rel material:binding = </World/Stairs_Right/StairStone>
    double3 xformOp:translate = (30.2224, 13.9044, 0.47333333)
    double xformOp:rotateX = 0
    double3 xformOp:scale = (1.1, 0.28, 0.12)
    uniform token[] xformOpOrder = ["xformOp:translate", "xformOp:rotateX", "xformOp:scale"]
}
def Cube "Riser_1_03" (
    prepend apiSchemas = ["MaterialBindingAPI", "PhysicsCollisionAPI"]
)
{
    double size = 1
    bool physics:collisionEnabled = true
    rel material:binding = </World/Stairs_Right/StairStone>
    double3 xformOp:translate = (30.2224, 13.7819, 0.44444444)
    double xformOp:rotateX = 0
    double3 xformOp:scale = (1.1, 0.035, 0.17777778)
    uniform token[] xformOpOrder = ["xformOp:translate", "xformOp:rotateX", "xformOp:scale"]
}
def Cube "Flight_1_Step_04" (
    prepend apiSchemas = ["MaterialBindingAPI", "PhysicsCollisionAPI"]
)
{
    double size = 1
    bool physics:collisionEnabled = true
    rel material:binding = </World/Stairs_Right/StairStone>
    double3 xformOp:translate = (30.2224, 14.1844, 0.65111111)
    double xformOp:rotateX = 0
    double3 xformOp:scale = (1.1, 0.28, 0.12)
    uniform token[] xformOpOrder = ["xformOp:translate", "xformOp:rotateX", "xformOp:scale"]
}
def Cube "Riser_1_04" (
    prepend apiSchemas = ["MaterialBindingAPI", "PhysicsCollisionAPI"]
)
{
    double size = 1
    bool physics:collisionEnabled = true
    rel material:binding = </World/Stairs_Right/StairStone>
    double3 xformOp:translate = (30.2224, 14.0619, 0.62222222)
    double xformOp:rotateX = 0
    double3 xformOp:scale = (1.1, 0.035, 0.17777778)
    uniform token[] xformOpOrder = ["xformOp:translate", "xformOp:rotateX", "xformOp:scale"]
}
def Cube "Flight_1_Step_05" (
    prepend apiSchemas = ["MaterialBindingAPI", "PhysicsCollisionAPI"]
)
{
    double size = 1
    bool physics:collisionEnabled = true
    rel material:binding = </World/Stairs_Right/StairStone>
    double3 xformOp:translate = (30.2224, 14.4644, 0.82888889)
    double xformOp:rotateX = 0
    double3 xformOp:scale = (1.1, 0.28, 0.12)
    uniform token[] xformOpOrder = ["xformOp:translate", "xformOp:rotateX", "xformOp:scale"]
}
def Cube "Riser_1_05" (
    prepend apiSchemas = ["MaterialBindingAPI", "PhysicsCollisionAPI"]
)
{
    double size = 1
    bool physics:collisionEnabled = true
    rel material:binding = </World/Stairs_Right/StairStone>
    double3 xformOp:translate = (30.2224, 14.3419, 0.8)
    double xformOp:rotateX = 0
    double3 xformOp:scale = (1.1, 0.035, 0.17777778)
    uniform token[] xformOpOrder = ["xformOp:translate", "xformOp:rotateX", "xformOp:scale"]
}
def Cube "Flight_1_Step_06" (
    prepend apiSchemas = ["MaterialBindingAPI", "PhysicsCollisionAPI"]
)
{
    double size = 1
    bool physics:collisionEnabled = true
    rel material:binding = </World/Stairs_Right/StairStone>
    double3 xformOp:translate = (30.2224, 14.7444, 1.00666667)
    double xformOp:rotateX = 0
    double3 xformOp:scale = (1.1, 0.28, 0.12)
    uniform token[] xformOpOrder = ["xformOp:translate", "xformOp:rotateX", "xformOp:scale"]
}
def Cube "Riser_1_06" (
    prepend apiSchemas = ["MaterialBindingAPI", "PhysicsCollisionAPI"]
)
{
    double size = 1
    bool physics:collisionEnabled = true
    rel material:binding = </World/Stairs_Right/StairStone>
    double3 xformOp:translate = (30.2224, 14.6219, 0.97777778)
    double xformOp:rotateX = 0
    double3 xformOp:scale = (1.1, 0.035, 0.17777778)
    uniform token[] xformOpOrder = ["xformOp:translate", "xformOp:rotateX", "xformOp:scale"]
}
def Cube "Flight_1_Step_07" (
    prepend apiSchemas = ["MaterialBindingAPI", "PhysicsCollisionAPI"]
)
{
    double size = 1
    bool physics:collisionEnabled = true
    rel material:binding = </World/Stairs_Right/StairStone>
    double3 xformOp:translate = (30.2224, 15.0244, 1.18444444)
    double xformOp:rotateX = 0
    double3 xformOp:scale = (1.1, 0.28, 0.12)
    uniform token[] xformOpOrder = ["xformOp:translate", "xformOp:rotateX", "xformOp:scale"]
}
def Cube "Riser_1_07" (
    prepend apiSchemas = ["MaterialBindingAPI", "PhysicsCollisionAPI"]
)
{
    double size = 1
    bool physics:collisionEnabled = true
    rel material:binding = </World/Stairs_Right/StairStone>
    double3 xformOp:translate = (30.2224, 14.9019, 1.15555556)
    double xformOp:rotateX = 0
    double3 xformOp:scale = (1.1, 0.035, 0.17777778)
    uniform token[] xformOpOrder = ["xformOp:translate", "xformOp:rotateX", "xformOp:scale"]
}
def Cube "Flight_1_Step_08" (
    prepend apiSchemas = ["MaterialBindingAPI", "PhysicsCollisionAPI"]
)
{
    double size = 1
    bool physics:collisionEnabled = true
    rel material:binding = </World/Stairs_Right/StairStone>
    double3 xformOp:translate = (30.2224, 15.3044, 1.36222222)
    double xformOp:rotateX = 0
    double3 xformOp:scale = (1.1, 0.28, 0.12)
    uniform token[] xformOpOrder = ["xformOp:translate", "xformOp:rotateX", "xformOp:scale"]
}
def Cube "Riser_1_08" (
    prepend apiSchemas = ["MaterialBindingAPI", "PhysicsCollisionAPI"]
)
{
    double size = 1
    bool physics:collisionEnabled = true
    rel material:binding = </World/Stairs_Right/StairStone>
    double3 xformOp:translate = (30.2224, 15.1819, 1.33333333)
    double xformOp:rotateX = 0
    double3 xformOp:scale = (1.1, 0.035, 0.17777778)
    uniform token[] xformOpOrder = ["xformOp:translate", "xformOp:rotateX", "xformOp:scale"]
}
def Cube "Stringer_0_0" (
    prepend apiSchemas = ["MaterialBindingAPI", "PhysicsCollisionAPI"]
)
{
    double size = 1
    bool physics:collisionEnabled = true
    rel material:binding = </World/Stairs_Right/StairStone>
    double3 xformOp:translate = (30.6424, 14.3244, 0.65)
    double xformOp:rotateX = 32.41230662
    double3 xformOp:scale = (0.1, 2.70168947, 0.16)
    uniform token[] xformOpOrder = ["xformOp:translate", "xformOp:rotateX", "xformOp:scale"]
}
def Cube "Stringer_0_2" (
    prepend apiSchemas = ["MaterialBindingAPI", "PhysicsCollisionAPI"]
)
{
    double size = 1
    bool physics:collisionEnabled = true
    rel material:binding = </World/Stairs_Right/StairStone>
    double3 xformOp:translate = (29.8024, 14.3244, 0.65)
    double xformOp:rotateX = 32.41230662
    double3 xformOp:scale = (0.1, 2.70168947, 0.16)
    uniform token[] xformOpOrder = ["xformOp:translate", "xformOp:rotateX", "xformOp:scale"]
}
def Cube "Post_0_0_0" (
    prepend apiSchemas = ["MaterialBindingAPI", "PhysicsCollisionAPI"]
)
{
    double size = 1
    bool physics:collisionEnabled = true
    rel material:binding = </World/Stairs_Right/RailMetal>
    double3 xformOp:translate = (30.7274, 13.3444, 0.65277778)
    double xformOp:rotateX = 0
    double3 xformOp:scale = (0.04, 0.04, 0.95)
    uniform token[] xformOpOrder = ["xformOp:translate", "xformOp:rotateX", "xformOp:scale"]
}
def Cube "Post_0_0_2" (
    prepend apiSchemas = ["MaterialBindingAPI", "PhysicsCollisionAPI"]
)
{
    double size = 1
    bool physics:collisionEnabled = true
    rel material:binding = </World/Stairs_Right/RailMetal>
    double3 xformOp:translate = (30.7274, 13.9044, 1.00833333)
    double xformOp:rotateX = 0
    double3 xformOp:scale = (0.04, 0.04, 0.95)
    uniform token[] xformOpOrder = ["xformOp:translate", "xformOp:rotateX", "xformOp:scale"]
}
def Cube "Post_0_0_4" (
    prepend apiSchemas = ["MaterialBindingAPI", "PhysicsCollisionAPI"]
)
{
    double size = 1
    bool physics:collisionEnabled = true
    rel material:binding = </World/Stairs_Right/RailMetal>
    double3 xformOp:translate = (30.7274, 14.4644, 1.36388889)
    double xformOp:rotateX = 0
    double3 xformOp:scale = (0.04, 0.04, 0.95)
    uniform token[] xformOpOrder = ["xformOp:translate", "xformOp:rotateX", "xformOp:scale"]
}
def Cube "Post_0_0_7" (
    prepend apiSchemas = ["MaterialBindingAPI", "PhysicsCollisionAPI"]
)
{
    double size = 1
    bool physics:collisionEnabled = true
    rel material:binding = </World/Stairs_Right/RailMetal>
    double3 xformOp:translate = (30.7274, 15.3044, 1.89722222)
    double xformOp:rotateX = 0
    double3 xformOp:scale = (0.04, 0.04, 0.95)
    uniform token[] xformOpOrder = ["xformOp:translate", "xformOp:rotateX", "xformOp:scale"]
}
def Cube "Handrail_0_0" (
    prepend apiSchemas = ["MaterialBindingAPI", "PhysicsCollisionAPI"]
)
{
    double size = 1
    bool physics:collisionEnabled = true
    rel material:binding = </World/Stairs_Right/RailMetal>
    double3 xformOp:translate = (30.7274, 14.3244, 1.75)
    double xformOp:rotateX = 32.41230662
    double3 xformOp:scale = (0.045, 2.40168947, 0.045)
    uniform token[] xformOpOrder = ["xformOp:translate", "xformOp:rotateX", "xformOp:scale"]
}
def Cube "Post_0_2_0" (
    prepend apiSchemas = ["MaterialBindingAPI", "PhysicsCollisionAPI"]
)
{
    double size = 1
    bool physics:collisionEnabled = true
    rel material:binding = </World/Stairs_Right/RailMetal>
    double3 xformOp:translate = (29.7174, 13.3444, 0.65277778)
    double xformOp:rotateX = 0
    double3 xformOp:scale = (0.04, 0.04, 0.95)
    uniform token[] xformOpOrder = ["xformOp:translate", "xformOp:rotateX", "xformOp:scale"]
}
def Cube "Post_0_2_2" (
    prepend apiSchemas = ["MaterialBindingAPI", "PhysicsCollisionAPI"]
)
{
    double size = 1
    bool physics:collisionEnabled = true
    rel material:binding = </World/Stairs_Right/RailMetal>
    double3 xformOp:translate = (29.7174, 13.9044, 1.00833333)
    double xformOp:rotateX = 0
    double3 xformOp:scale = (0.04, 0.04, 0.95)
    uniform token[] xformOpOrder = ["xformOp:translate", "xformOp:rotateX", "xformOp:scale"]
}
def Cube "Post_0_2_4" (
    prepend apiSchemas = ["MaterialBindingAPI", "PhysicsCollisionAPI"]
)
{
    double size = 1
    bool physics:collisionEnabled = true
    rel material:binding = </World/Stairs_Right/RailMetal>
    double3 xformOp:translate = (29.7174, 14.4644, 1.36388889)
    double xformOp:rotateX = 0
    double3 xformOp:scale = (0.04, 0.04, 0.95)
    uniform token[] xformOpOrder = ["xformOp:translate", "xformOp:rotateX", "xformOp:scale"]
}
def Cube "Post_0_2_7" (
    prepend apiSchemas = ["MaterialBindingAPI", "PhysicsCollisionAPI"]
)
{
    double size = 1
    bool physics:collisionEnabled = true
    rel material:binding = </World/Stairs_Right/RailMetal>
    double3 xformOp:translate = (29.7174, 15.3044, 1.89722222)
    double xformOp:rotateX = 0
    double3 xformOp:scale = (0.04, 0.04, 0.95)
    uniform token[] xformOpOrder = ["xformOp:translate", "xformOp:rotateX", "xformOp:scale"]
}
def Cube "Handrail_0_2" (
    prepend apiSchemas = ["MaterialBindingAPI", "PhysicsCollisionAPI"]
)
{
    double size = 1
    bool physics:collisionEnabled = true
    rel material:binding = </World/Stairs_Right/RailMetal>
    double3 xformOp:translate = (29.7174, 14.3244, 1.75)
    double xformOp:rotateX = 32.41230662
    double3 xformOp:scale = (0.045, 2.40168947, 0.045)
    uniform token[] xformOpOrder = ["xformOp:translate", "xformOp:rotateX", "xformOp:scale"]
}
def Cube "Flight_2_Step_01" (
    prepend apiSchemas = ["MaterialBindingAPI", "PhysicsCollisionAPI"]
)
{
    double size = 1
    bool physics:collisionEnabled = true
    rel material:binding = </World/Stairs_Right/StairStone>
    double3 xformOp:translate = (29.0224, 15.3044, 1.71777778)
    double xformOp:rotateX = 0
    double3 xformOp:scale = (1.1, 0.28, 0.12)
    uniform token[] xformOpOrder = ["xformOp:translate", "xformOp:rotateX", "xformOp:scale"]
}
def Cube "Riser_2_01" (
    prepend apiSchemas = ["MaterialBindingAPI", "PhysicsCollisionAPI"]
)
{
    double size = 1
    bool physics:collisionEnabled = true
    rel material:binding = </World/Stairs_Right/StairStone>
    double3 xformOp:translate = (29.0224, 15.4269, 1.68888889)
    double xformOp:rotateX = 0
    double3 xformOp:scale = (1.1, 0.035, 0.17777778)
    uniform token[] xformOpOrder = ["xformOp:translate", "xformOp:rotateX", "xformOp:scale"]
}
def Cube "Flight_2_Step_02" (
    prepend apiSchemas = ["MaterialBindingAPI", "PhysicsCollisionAPI"]
)
{
    double size = 1
    bool physics:collisionEnabled = true
    rel material:binding = </World/Stairs_Right/StairStone>
    double3 xformOp:translate = (29.0224, 15.0244, 1.89555556)
    double xformOp:rotateX = 0
    double3 xformOp:scale = (1.1, 0.28, 0.12)
    uniform token[] xformOpOrder = ["xformOp:translate", "xformOp:rotateX", "xformOp:scale"]
}
def Cube "Riser_2_02" (
    prepend apiSchemas = ["MaterialBindingAPI", "PhysicsCollisionAPI"]
)
{
    double size = 1
    bool physics:collisionEnabled = true
    rel material:binding = </World/Stairs_Right/StairStone>
    double3 xformOp:translate = (29.0224, 15.1469, 1.86666667)
    double xformOp:rotateX = 0
    double3 xformOp:scale = (1.1, 0.035, 0.17777778)
    uniform token[] xformOpOrder = ["xformOp:translate", "xformOp:rotateX", "xformOp:scale"]
}
def Cube "Flight_2_Step_03" (
    prepend apiSchemas = ["MaterialBindingAPI", "PhysicsCollisionAPI"]
)
{
    double size = 1
    bool physics:collisionEnabled = true
    rel material:binding = </World/Stairs_Right/StairStone>
    double3 xformOp:translate = (29.0224, 14.7444, 2.07333333)
    double xformOp:rotateX = 0
    double3 xformOp:scale = (1.1, 0.28, 0.12)
    uniform token[] xformOpOrder = ["xformOp:translate", "xformOp:rotateX", "xformOp:scale"]
}
def Cube "Riser_2_03" (
    prepend apiSchemas = ["MaterialBindingAPI", "PhysicsCollisionAPI"]
)
{
    double size = 1
    bool physics:collisionEnabled = true
    rel material:binding = </World/Stairs_Right/StairStone>
    double3 xformOp:translate = (29.0224, 14.8669, 2.04444444)
    double xformOp:rotateX = 0
    double3 xformOp:scale = (1.1, 0.035, 0.17777778)
    uniform token[] xformOpOrder = ["xformOp:translate", "xformOp:rotateX", "xformOp:scale"]
}
def Cube "Flight_2_Step_04" (
    prepend apiSchemas = ["MaterialBindingAPI", "PhysicsCollisionAPI"]
)
{
    double size = 1
    bool physics:collisionEnabled = true
    rel material:binding = </World/Stairs_Right/StairStone>
    double3 xformOp:translate = (29.0224, 14.4644, 2.25111111)
    double xformOp:rotateX = 0
    double3 xformOp:scale = (1.1, 0.28, 0.12)
    uniform token[] xformOpOrder = ["xformOp:translate", "xformOp:rotateX", "xformOp:scale"]
}
def Cube "Riser_2_04" (
    prepend apiSchemas = ["MaterialBindingAPI", "PhysicsCollisionAPI"]
)
{
    double size = 1
    bool physics:collisionEnabled = true
    rel material:binding = </World/Stairs_Right/StairStone>
    double3 xformOp:translate = (29.0224, 14.5869, 2.22222222)
    double xformOp:rotateX = 0
    double3 xformOp:scale = (1.1, 0.035, 0.17777778)
    uniform token[] xformOpOrder = ["xformOp:translate", "xformOp:rotateX", "xformOp:scale"]
}
def Cube "Flight_2_Step_05" (
    prepend apiSchemas = ["MaterialBindingAPI", "PhysicsCollisionAPI"]
)
{
    double size = 1
    bool physics:collisionEnabled = true
    rel material:binding = </World/Stairs_Right/StairStone>
    double3 xformOp:translate = (29.0224, 14.1844, 2.42888889)
    double xformOp:rotateX = 0
    double3 xformOp:scale = (1.1, 0.28, 0.12)
    uniform token[] xformOpOrder = ["xformOp:translate", "xformOp:rotateX", "xformOp:scale"]
}
def Cube "Riser_2_05" (
    prepend apiSchemas = ["MaterialBindingAPI", "PhysicsCollisionAPI"]
)
{
    double size = 1
    bool physics:collisionEnabled = true
    rel material:binding = </World/Stairs_Right/StairStone>
    double3 xformOp:translate = (29.0224, 14.3069, 2.4)
    double xformOp:rotateX = 0
    double3 xformOp:scale = (1.1, 0.035, 0.17777778)
    uniform token[] xformOpOrder = ["xformOp:translate", "xformOp:rotateX", "xformOp:scale"]
}
def Cube "Flight_2_Step_06" (
    prepend apiSchemas = ["MaterialBindingAPI", "PhysicsCollisionAPI"]
)
{
    double size = 1
    bool physics:collisionEnabled = true
    rel material:binding = </World/Stairs_Right/StairStone>
    double3 xformOp:translate = (29.0224, 13.9044, 2.60666667)
    double xformOp:rotateX = 0
    double3 xformOp:scale = (1.1, 0.28, 0.12)
    uniform token[] xformOpOrder = ["xformOp:translate", "xformOp:rotateX", "xformOp:scale"]
}
def Cube "Riser_2_06" (
    prepend apiSchemas = ["MaterialBindingAPI", "PhysicsCollisionAPI"]
)
{
    double size = 1
    bool physics:collisionEnabled = true
    rel material:binding = </World/Stairs_Right/StairStone>
    double3 xformOp:translate = (29.0224, 14.0269, 2.57777778)
    double xformOp:rotateX = 0
    double3 xformOp:scale = (1.1, 0.035, 0.17777778)
    uniform token[] xformOpOrder = ["xformOp:translate", "xformOp:rotateX", "xformOp:scale"]
}
def Cube "Flight_2_Step_07" (
    prepend apiSchemas = ["MaterialBindingAPI", "PhysicsCollisionAPI"]
)
{
    double size = 1
    bool physics:collisionEnabled = true
    rel material:binding = </World/Stairs_Right/StairStone>
    double3 xformOp:translate = (29.0224, 13.6244, 2.78444444)
    double xformOp:rotateX = 0
    double3 xformOp:scale = (1.1, 0.28, 0.12)
    uniform token[] xformOpOrder = ["xformOp:translate", "xformOp:rotateX", "xformOp:scale"]
}
def Cube "Riser_2_07" (
    prepend apiSchemas = ["MaterialBindingAPI", "PhysicsCollisionAPI"]
)
{
    double size = 1
    bool physics:collisionEnabled = true
    rel material:binding = </World/Stairs_Right/StairStone>
    double3 xformOp:translate = (29.0224, 13.7469, 2.75555556)
    double xformOp:rotateX = 0
    double3 xformOp:scale = (1.1, 0.035, 0.17777778)
    uniform token[] xformOpOrder = ["xformOp:translate", "xformOp:rotateX", "xformOp:scale"]
}
def Cube "Flight_2_Step_08" (
    prepend apiSchemas = ["MaterialBindingAPI", "PhysicsCollisionAPI"]
)
{
    double size = 1
    bool physics:collisionEnabled = true
    rel material:binding = </World/Stairs_Right/StairStone>
    double3 xformOp:translate = (29.0224, 13.3444, 2.96222222)
    double xformOp:rotateX = 0
    double3 xformOp:scale = (1.1, 0.28, 0.12)
    uniform token[] xformOpOrder = ["xformOp:translate", "xformOp:rotateX", "xformOp:scale"]
}
def Cube "Riser_2_08" (
    prepend apiSchemas = ["MaterialBindingAPI", "PhysicsCollisionAPI"]
)
{
    double size = 1
    bool physics:collisionEnabled = true
    rel material:binding = </World/Stairs_Right/StairStone>
    double3 xformOp:translate = (29.0224, 13.4669, 2.93333333)
    double xformOp:rotateX = 0
    double3 xformOp:scale = (1.1, 0.035, 0.17777778)
    uniform token[] xformOpOrder = ["xformOp:translate", "xformOp:rotateX", "xformOp:scale"]
}
def Cube "Stringer_1_0" (
    prepend apiSchemas = ["MaterialBindingAPI", "PhysicsCollisionAPI"]
)
{
    double size = 1
    bool physics:collisionEnabled = true
    rel material:binding = </World/Stairs_Right/StairStone>
    double3 xformOp:translate = (29.4424, 14.3244, 2.25)
    double xformOp:rotateX = -32.41230662
    double3 xformOp:scale = (0.1, 2.70168947, 0.16)
    uniform token[] xformOpOrder = ["xformOp:translate", "xformOp:rotateX", "xformOp:scale"]
}
def Cube "Stringer_1_2" (
    prepend apiSchemas = ["MaterialBindingAPI", "PhysicsCollisionAPI"]
)
{
    double size = 1
    bool physics:collisionEnabled = true
    rel material:binding = </World/Stairs_Right/StairStone>
    double3 xformOp:translate = (28.6024, 14.3244, 2.25)
    double xformOp:rotateX = -32.41230662
    double3 xformOp:scale = (0.1, 2.70168947, 0.16)
    uniform token[] xformOpOrder = ["xformOp:translate", "xformOp:rotateX", "xformOp:scale"]
}
def Cube "Post_1_0_0" (
    prepend apiSchemas = ["MaterialBindingAPI", "PhysicsCollisionAPI"]
)
{
    double size = 1
    bool physics:collisionEnabled = true
    rel material:binding = </World/Stairs_Right/RailMetal>
    double3 xformOp:translate = (29.5274, 15.3044, 2.25277778)
    double xformOp:rotateX = 0
    double3 xformOp:scale = (0.04, 0.04, 0.95)
    uniform token[] xformOpOrder = ["xformOp:translate", "xformOp:rotateX", "xformOp:scale"]
}
def Cube "Post_1_0_2" (
    prepend apiSchemas = ["MaterialBindingAPI", "PhysicsCollisionAPI"]
)
{
    double size = 1
    bool physics:collisionEnabled = true
    rel material:binding = </World/Stairs_Right/RailMetal>
    double3 xformOp:translate = (29.5274, 14.7444, 2.60833333)
    double xformOp:rotateX = 0
    double3 xformOp:scale = (0.04, 0.04, 0.95)
    uniform token[] xformOpOrder = ["xformOp:translate", "xformOp:rotateX", "xformOp:scale"]
}
def Cube "Post_1_0_4" (
    prepend apiSchemas = ["MaterialBindingAPI", "PhysicsCollisionAPI"]
)
{
    double size = 1
    bool physics:collisionEnabled = true
    rel material:binding = </World/Stairs_Right/RailMetal>
    double3 xformOp:translate = (29.5274, 14.1844, 2.96388889)
    double xformOp:rotateX = 0
    double3 xformOp:scale = (0.04, 0.04, 0.95)
    uniform token[] xformOpOrder = ["xformOp:translate", "xformOp:rotateX", "xformOp:scale"]
}
def Cube "Post_1_0_7" (
    prepend apiSchemas = ["MaterialBindingAPI", "PhysicsCollisionAPI"]
)
{
    double size = 1
    bool physics:collisionEnabled = true
    rel material:binding = </World/Stairs_Right/RailMetal>
    double3 xformOp:translate = (29.5274, 13.3444, 3.49722222)
    double xformOp:rotateX = 0
    double3 xformOp:scale = (0.04, 0.04, 0.95)
    uniform token[] xformOpOrder = ["xformOp:translate", "xformOp:rotateX", "xformOp:scale"]
}
def Cube "Handrail_1_0" (
    prepend apiSchemas = ["MaterialBindingAPI", "PhysicsCollisionAPI"]
)
{
    double size = 1
    bool physics:collisionEnabled = true
    rel material:binding = </World/Stairs_Right/RailMetal>
    double3 xformOp:translate = (29.5274, 14.3244, 3.35)
    double xformOp:rotateX = -32.41230662
    double3 xformOp:scale = (0.045, 2.40168947, 0.045)
    uniform token[] xformOpOrder = ["xformOp:translate", "xformOp:rotateX", "xformOp:scale"]
}
def Cube "Post_1_2_0" (
    prepend apiSchemas = ["MaterialBindingAPI", "PhysicsCollisionAPI"]
)
{
    double size = 1
    bool physics:collisionEnabled = true
    rel material:binding = </World/Stairs_Right/RailMetal>
    double3 xformOp:translate = (28.5174, 15.3044, 2.25277778)
    double xformOp:rotateX = 0
    double3 xformOp:scale = (0.04, 0.04, 0.95)
    uniform token[] xformOpOrder = ["xformOp:translate", "xformOp:rotateX", "xformOp:scale"]
}
def Cube "Post_1_2_2" (
    prepend apiSchemas = ["MaterialBindingAPI", "PhysicsCollisionAPI"]
)
{
    double size = 1
    bool physics:collisionEnabled = true
    rel material:binding = </World/Stairs_Right/RailMetal>
    double3 xformOp:translate = (28.5174, 14.7444, 2.60833333)
    double xformOp:rotateX = 0
    double3 xformOp:scale = (0.04, 0.04, 0.95)
    uniform token[] xformOpOrder = ["xformOp:translate", "xformOp:rotateX", "xformOp:scale"]
}
def Cube "Post_1_2_4" (
    prepend apiSchemas = ["MaterialBindingAPI", "PhysicsCollisionAPI"]
)
{
    double size = 1
    bool physics:collisionEnabled = true
    rel material:binding = </World/Stairs_Right/RailMetal>
    double3 xformOp:translate = (28.5174, 14.1844, 2.96388889)
    double xformOp:rotateX = 0
    double3 xformOp:scale = (0.04, 0.04, 0.95)
    uniform token[] xformOpOrder = ["xformOp:translate", "xformOp:rotateX", "xformOp:scale"]
}
def Cube "Post_1_2_7" (
    prepend apiSchemas = ["MaterialBindingAPI", "PhysicsCollisionAPI"]
)
{
    double size = 1
    bool physics:collisionEnabled = true
    rel material:binding = </World/Stairs_Right/RailMetal>
    double3 xformOp:translate = (28.5174, 13.3444, 3.49722222)
    double xformOp:rotateX = 0
    double3 xformOp:scale = (0.04, 0.04, 0.95)
    uniform token[] xformOpOrder = ["xformOp:translate", "xformOp:rotateX", "xformOp:scale"]
}
def Cube "Handrail_1_2" (
    prepend apiSchemas = ["MaterialBindingAPI", "PhysicsCollisionAPI"]
)
{
    double size = 1
    bool physics:collisionEnabled = true
    rel material:binding = </World/Stairs_Right/RailMetal>
    double3 xformOp:translate = (28.5174, 14.3244, 3.35)
    double xformOp:rotateX = -32.41230662
    double3 xformOp:scale = (0.045, 2.40168947, 0.045)
    uniform token[] xformOpOrder = ["xformOp:translate", "xformOp:rotateX", "xformOp:scale"]
}
def Cube "HalfLanding" (
    prepend apiSchemas = ["MaterialBindingAPI", "PhysicsCollisionAPI"]
)
{
    double size = 1
    bool physics:collisionEnabled = true
    rel material:binding = </World/Stairs_Right/StairStone>
    double3 xformOp:translate = (29.6224, 16.0444, 1.51)
    double xformOp:rotateX = 0
    double3 xformOp:scale = (2.5, 1.2, 0.18)
    uniform token[] xformOpOrder = ["xformOp:translate", "xformOp:rotateX", "xformOp:scale"]
}
def Cube "UpperExitRiser" (
    prepend apiSchemas = ["MaterialBindingAPI", "PhysicsCollisionAPI"]
)
{
    double size = 1
    bool physics:collisionEnabled = true
    rel material:binding = </World/Stairs_Right/StairStone>
    double3 xformOp:translate = (29.0224, 13.1869, 3.11111111)
    double xformOp:rotateX = 0
    double3 xformOp:scale = (1.1, 0.035, 0.17777778)
    uniform token[] xformOpOrder = ["xformOp:translate", "xformOp:rotateX", "xformOp:scale"]
}
def Cube "UpperGuardPost_0" (
    prepend apiSchemas = ["MaterialBindingAPI", "PhysicsCollisionAPI"]
)
{
    double size = 1
    bool physics:collisionEnabled = true
    rel material:binding = </World/Stairs_Right/RailMetal>
    double3 xformOp:translate = (30.8374, 13.1694, 3.725)
    double xformOp:rotateX = 0
    double3 xformOp:scale = (0.04, 0.04, 1.05)
    uniform token[] xformOpOrder = ["xformOp:translate", "xformOp:rotateX", "xformOp:scale"]
}
def Cube "UpperGuardPost_1" (
    prepend apiSchemas = ["MaterialBindingAPI", "PhysicsCollisionAPI"]
)
{
    double size = 1
    bool physics:collisionEnabled = true
    rel material:binding = </World/Stairs_Right/RailMetal>
    double3 xformOp:translate = (30.2374, 13.1694, 3.725)
    double xformOp:rotateX = 0
    double3 xformOp:scale = (0.04, 0.04, 1.05)
    uniform token[] xformOpOrder = ["xformOp:translate", "xformOp:rotateX", "xformOp:scale"]
}
def Cube "UpperGuardPost_2" (
    prepend apiSchemas = ["MaterialBindingAPI", "PhysicsCollisionAPI"]
)
{
    double size = 1
    bool physics:collisionEnabled = true
    rel material:binding = </World/Stairs_Right/RailMetal>
    double3 xformOp:translate = (29.6174, 13.1694, 3.725)
    double xformOp:rotateX = 0
    double3 xformOp:scale = (0.04, 0.04, 1.05)
    uniform token[] xformOpOrder = ["xformOp:translate", "xformOp:rotateX", "xformOp:scale"]
}
def Cube "UpperGuardRail_0" (
    prepend apiSchemas = ["MaterialBindingAPI", "PhysicsCollisionAPI"]
)
{
    double size = 1
    bool physics:collisionEnabled = true
    rel material:binding = </World/Stairs_Right/RailMetal>
    double3 xformOp:translate = (30.2274, 13.1694, 3.725)
    double xformOp:rotateX = 0
    double3 xformOp:scale = (1.26, 0.045, 0.045)
    uniform token[] xformOpOrder = ["xformOp:translate", "xformOp:rotateX", "xformOp:scale"]
}
def Cube "UpperGuardRail_1" (
    prepend apiSchemas = ["MaterialBindingAPI", "PhysicsCollisionAPI"]
)
{
    double size = 1
    bool physics:collisionEnabled = true
    rel material:binding = </World/Stairs_Right/RailMetal>
    double3 xformOp:translate = (30.2274, 13.1694, 4.25)
    double xformOp:rotateX = 0
    double3 xformOp:scale = (1.26, 0.045, 0.045)
    uniform token[] xformOpOrder = ["xformOp:translate", "xformOp:rotateX", "xformOp:scale"]
}
        def Xform "LandingLight" (
            prepend references = @../../../assets/architecture/ceiling/ceiling_panel_light.usda@
        )
        {
            double3 xformOp:translate = (29.6224, 16.6444, 2.7)
            double xformOp:rotateX = -90
            uniform token[] xformOpOrder = ["xformOp:translate", "xformOp:rotateX"]
            over "Light"
            {
                float inputs:intensity = 8000
            }
        }
    }
}
